Workbook

Sheet Saisie
B2: I1 | C2: I2 | D2: I3 | E2: I4 | F2: I5 | G2: I6 | H2: Q4 | I2: I7 | J2: I8 | K2: I9 | L2: I10 | M2: Q1 | Q2: Q6 | R2: Q7 | T2: Q8 | V2: Q9 | AG2: Q10 | AJ2: Q11 | AN2: Q12 | AS2: Q13 | AT2: Q14 | AU2: Q15 | AX2: Q16 | AZ2: Q17
B3: GUIDE DES OPERATIONS EN PSC (Décret n°2021-909 du 22 décembre 2021 fixant les modalités d'exécution des crédits budgétaires dans le cadre des procédures prévues par le Code des marchés publics) | H3: Article 6 | M3: Article 20.1 CMP | Q3: Article 6 | R3: Article 19.4 CMP | T3: Article 6 | V3: Article 6 | AG3: Article 6 | AJ3: Article 6 | AN3: Article 6 | AU3: Article 6 | AX3: Article 6 | AZ3: Arrêté interministériel N° 484 MEF/DGBF/DMP du 09 novembre 2011
B4: Montant supérieur ou égal à 10 000 000 FCFA et inférieur à 30 000 000 FCFA
A5: N° | B5: Contrôleur | C5: Date de contrôle | D5: Ministère | E5: Autorité Contractante | F5: Personne Ressource | G5: Imputation Budgétaire | H5: Montant de la dotation/ou du crédit : | I5: Numéro de l'opération | J5: Objet de l'opération | K5: Nature de l'opération | M5: Préparation du PSPM | Q5: Montant de l'estimation | R5: Opération réservée aux PME | T5: Formulaire de demande de cotation | V5: Liste des entreprises consultées & montant des offres | AG5: Formulaire de sélection | AJ5: Date et signature du formulaire de selection | AN5: Attributaire (s) | AS5: Ecart entre montant estimatif et montant attribué | AT5: Situation d'exécution de la ligne budgetaire après passation | AU5: Notification de l'attribution au (x) soumissionnaire (s) retenu (s) | AX5: Information des soumissionnaires non retenus | AZ5: Existence et exhaustivité de l’archivage des documents | BC5: Temps total pour la conduite de l’opération
B6: Nom de l'Agent DGMP | F6: Interlocuteur chez l'AC | H6: Montant | I6: N° formulaire de demande de cotation | K6: Travaux/ Fournitures/ Prestations | L6: Observations | M6: Existence du PSPM | N6: Observations | O6: Respect du PSPM | P6: Observations | Q6: Montant | R6: Constat | S6: Observations | T6: Conforme au modèle élaboré par la DGMP | U6: Observations | V6: Nombre de soumissionnaires | W6: Référence de l'accord pour consulter moins de trois (3) entreprises | X6: Entreprise 1 | AA6: Entreprise 2 | AD6: Entreprise 3 | AG6: Existence | AH6: Conforme au modèle DGMP | AI6: Observations | AJ6: Signature | AK6: Date | AL6: Qualité du signataire | AM6: Observations | AN6: Lot | AO6: Raison sociale | AP6: NCC attributaire | AQ6: Montant | AR6: Observations | AS6: Montant | AT6: Montant disponible | AU6: Constat | AV6: Date | AW6: Observations | AX6: Constat | AY6: Observations | AZ6: Existence | BA6: Exhaustivité | BB6: Observations | BC6: Nombre de jour de l'opération | BD6: Observations
K7: PRESTATIONS | BC7: =IF(OR(#REF!="",#REF!="")=TRUE,"",NETWORKDAYS.INTL(#REF!,#REF!)) -> #REF!
BC8: =IF(OR(#REF!="",#REF!="")=TRUE,"",NETWORKDAYS.INTL(#REF!,#REF!)) -> #REF!
BC9: =IF(OR(#REF!="",#REF!="")=TRUE,"",NETWORKDAYS.INTL(#REF!,#REF!)) -> #REF!
BC10: =IF(OR(#REF!="",#REF!="")=TRUE,"",NETWORKDAYS.INTL(#REF!,#REF!)) -> #REF!
BC11: =IF(OR(#REF!="",#REF!="")=TRUE,"",NETWORKDAYS.INTL(#REF!,#REF!)) -> #REF!
BC12: =IF(OR(#REF!="",#REF!="")=TRUE,"",NETWORKDAYS.INTL(#REF!,#REF!)) -> #REF!
BC13: =IF(OR(#REF!="",#REF!="")=TRUE,"",NETWORKDAYS.INTL(#REF!,#REF!)) -> #REF!
BC14: =IF(OR(#REF!="",#REF!="")=TRUE,"",NETWORKDAYS.INTL(#REF!,#REF!)) -> #REF!
BC15: =IF(OR(#REF!="",#REF!="")=TRUE,"",NETWORKDAYS.INTL(#REF!,#REF!)) -> #REF!
BC16: =IF(OR(#REF!="",#REF!="")=TRUE,"",NETWORKDAYS.INTL(#REF!,#REF!)) -> #REF!
BC17: =IF(OR(#REF!="",#REF!="")=TRUE,"",NETWORKDAYS.INTL(#REF!,#REF!)) -> #REF!
BC18: #REF!
BC19: #REF!
BC20: #REF!
BC21: #REF!
BC22: #REF!
BC23: #REF!
BC24: #REF!
BC25: #REF!
BC26: #REF!
BC27: #REF!
BC28: #REF!
BC29: #REF!
... BC117: #REF!
BC118: #REF! | BD118: Dossier incomplet dans l'ensemble
BC119: #REF! | BD119: Dossier incomplet dans l'ensemble
BC120: #REF! | BD120: Dossier incomplet dans l'ensemble
BC121: #REF! | BD121: Dossier incomplet dans l'ensemble
BC122: #REF! | BD122: Dossier incomplet dans l'ensemble
BC123: #REF! | BD123: Dossier incomplet dans l'ensemble
BC124: #REF!
BC125: #REF!
BC126: #REF!
BC127: #REF!
BC128: #REF!
BC129: #REF!
BC130: #REF!
BC131: #REF!
BC132: #REF!
BC133: #REF!
BC134: #REF!
BC135: #REF!
BC136: =IF(OR(#REF!="",#REF!="")=TRUE,"",NETWORKDAYS.INTL(#REF!,#REF!)) -> #REF!
BC137: =IF(OR(#REF!="",#REF!="")=TRUE,"",NETWORKDAYS.INTL(#REF!,#REF!)) -> #REF!
BC138: =IF(OR(#REF!="",#REF!="")=TRUE,"",NETWORKDAYS.INTL(#REF!,#REF!)) -> #REF!
BC139: =IF(OR(#REF!="",#REF!="")=TRUE,"",NETWORKDAYS.INTL(#REF!,#REF!)) -> #REF!
BC140: =IF(OR(#REF!="",#REF!="")=TRUE,"",NETWORKDAYS.INTL(#REF!,#REF!)) -> #REF!
BC141: =IF(OR(#REF!="",#REF!="")=TRUE,"",NETWORKDAYS.INTL(#REF!,#REF!)) -> #REF!
BC142: #REF!
BC148: =IF(OR(#REF!="",#REF!="")=TRUE,"",NETWORKDAYS.INTL(#REF!,#REF!)) -> #REF!
BC149: =IF(OR(#REF!="",#REF!="")=TRUE,"",NETWORKDAYS.INTL(#REF!,#REF!)) -> #REF!
BC150: =IF(OR(#REF!="",#REF!="")=TRUE,"",NETWORKDAYS.INTL(#REF!,#REF!)) -> #REF!
BC151: =IF(OR(#REF!="",#REF!="")=TRUE,"",NETWORKDAYS.INTL(#REF!,#REF!)) -> #REF!
BC152: =IF(OR(#REF!="",#REF!="")=TRUE,"",NETWORKDAYS.INTL(#REF!,#REF!)) -> #REF!
BC153: =IF(OR(#REF!="",#REF!="")=TRUE,"",NETWORKDAYS.INTL(#REF!,#REF!)) -> #REF!
BC154: =IF(OR(#REF!="",#REF!="")=TRUE,"",NETWORKDAYS.INTL(#REF!,#REF!)) -> #REF!
BC155: =IF(OR(#REF!="",#REF!="")=TRUE,"",NETWORKDAYS.INTL(#REF!,#REF!)) -> #REF!
BC156: =IF(OR(#REF!="",#REF!="")=TRUE,"",NETWORKDAYS.INTL(#REF!,#REF!)) -> #REF!
BC157: =IF(OR(#REF!="",#REF!="")=TRUE,"",NETWORKDAYS.INTL(#REF!,#REF!)) -> #REF!
BC158: =IF(OR(#REF!="",#REF!="")=TRUE,"",NETWORKDAYS.INTL(#REF!,#REF!)) -> #REF!
BC159: =IF(OR(#REF!="",#REF!="")=TRUE,"",NETWORKDAYS.INTL(#REF!,#REF!)) -> #REF!
... BC171: =IF(OR(#REF!="",#REF!="")=TRUE,"",NETWORKDAYS.INTL(#REF!,#REF!)) -> #REF!
BC172: #REF!
BC173: #REF!
BC174: #REF!
BC175: #REF!
BC176: #REF!
BC177: #REF!
BC178: #REF!
BC179: #REF!
BC180: #REF!
BC181: #REF!
BC182: #REF!
BC183: #REF!
... BC204: #REF!
BC205: =IF(OR(#REF!="",#REF!="")=TRUE,"",NETWORKDAYS.INTL(#REF!,#REF!)) -> #REF!
BC206: =IF(OR(#REF!="",#REF!="")=TRUE,"",NETWORKDAYS.INTL(#REF!,#REF!)) -> #REF!
BC207: =IF(OR(#REF!="",#REF!="")=TRUE,"",NETWORKDAYS.INTL(#REF!,#REF!)) -> #REF!
BC208: =IF(OR(#REF!="",#REF!="")=TRUE,"",NETWORKDAYS.INTL(#REF!,#REF!)) -> #REF!
BC209: =IF(OR(#REF!="",#REF!="")=TRUE,"",NETWORKDAYS.INTL(#REF!,#REF!)) -> #REF!
BC210: =IF(OR(#REF!="",#REF!="")=TRUE,"",NETWORKDAYS.INTL(#REF!,#REF!)) -> #REF!
BC211: =IF(OR(#REF!="",#REF!="")=TRUE,"",NETWORKDAYS.INTL(#REF!,#REF!)) -> #REF!
BC212: =IF(OR(#REF!="",#REF!="")=TRUE,"",NETWORKDAYS.INTL(#REF!,#REF!)) -> #REF!
BC213: =IF(OR(#REF!="",#REF!="")=TRUE,"",NETWORKDAYS.INTL(#REF!,#REF!)) -> #REF!
BC214: =IF(OR(#REF!="",#REF!="")=TRUE,"",NETWORKDAYS.INTL(#REF!,#REF!)) -> #REF!
BC215: =IF(OR(#REF!="",#REF!="")=TRUE,"",NETWORKDAYS.INTL(#REF!,#REF!)) -> #REF!
BC216: =IF(OR(#REF!="",#REF!="")=TRUE,"",NETWORKDAYS.INTL(#REF!,#REF!)) -> #REF!
... BC223: =IF(OR(#REF!="",#REF!="")=TRUE,"",NETWORKDAYS.INTL(#REF!,#REF!)) -> #REF!
BC224: #REF!
BC225: #REF!
BC226: #REF!
BC227: #REF!
BC228: =IF(OR(#REF!="",#REF!="")=TRUE,"",NETWORKDAYS.INTL(#REF!,#REF!)) -> #REF!
BC229: =IF(OR(#REF!="",#REF!="")=TRUE,"",NETWORKDAYS.INTL(#REF!,#REF!)) -> #REF!
BC230: =IF(OR(#REF!="",#REF!="")=TRUE,"",NETWORKDAYS.INTL(#REF!,#REF!)) -> #REF!
...

Sheet Formule
B2: I1 | C2: I2 | D2: I3 | E2: I4 | F2: I5 | G2: I6 | H2: I7 | I2: I8 | J2: I9 | K2: I10 | M2: Q1 | Q2: Q2 | V2: Q3 | Y2: Q4 | Z2: Q5 | AA2: Q6 | AB2: Q7 | AD2: Q8 | AF2: Q9 | AQ2: Q10 | AT2: Q11 | AX2: Q12 | BC2: Q13 | BD2: Q14 | BE2: Q15 | BH2: Q16 | BJ2: Q17
B3: GUIDE DES OPERATIONS EN PSC (Décret n°2021-909 du 22 décembre 2021 fixant les modalités d'exécution des crédits budgétaires dans le cadre des procédures prévues par le Code des marchés publics) | M3: Article 20.1 CMP | Q3: Article 20.2 CMP | V3: Article 20.3 CMP | Y3: Article 6 | AA3: Article 6 | AB3: Article 19.4 CMP | AD3: Article 6 | AF3: Article 6 | AQ3: Article 6 | AT3: Article 6 | AX3: Article 6 | BE3: Article 6 | BH3: Article 6 | BJ3: Arrêté interministériel N° 484 MEF/DGBF/DMP du 09 novembre 2011
B4: Montant supérieur ou égal à 10 000 000 FCFA et inférieur à 30 000 000 FCFA
A5: N° | B5: Contrôleur | C5: Date de contrôle | D5: Ministère | E5: Autorité Contractante | F5: Personne Ressource | G5: Imputation Budgétaire | H5: Numéro de l'opération | I5: Objet de l'opération | J5: Nature de l'opération | M5: Préparation du PSPM | Q5: Publication du PSPM | V5: Inscription de l’opération au PSPM et respect du PSPM | Y5: Montant de la dotation/ou du crédit : | Z5: Situation d'exécution de la ligne budgetaire avant passation | AA5: Montant de l'estimation | AB5: Opération réservée aux PME | AD5: Formulaire de demande de cotation | AF5: Liste des entreprises consultées & montant des offres | AQ5: Formulaire de sélection | AT5: Date et signature du formulaire de selection | AX5: Attributaire (s) | BC5: Ecart entre montant estimatif et montant attribué | BD5: Situation d'exécution de la ligne budgetaire après passation | BE5: Notification de l'attribution au (x) soumissionnaire (s) retenu (s) | BH5: Information des soumissionnaires non retenus | BJ5: Existence et exhaustivité de l’archivage des documents | BM5: Temps total pour la conduite de l’opération
B6: Nom de l'Agent DGMP | F6: Interlocuteur chez l'AC | H6: N° formulaire de demande de cotation | J6: Travaux/ Fournitures/ Prestations | K6: Observations | L6: NB | M6: Existence du PSPM | N6: Date de notification du budget à l'AC | O6: Date de soumission du PSPM à la DGMP pour validation | P6: Observations | Q6: Constat | R6: Date | S6: Support | T6: Numéro du BOMP | U6: Observations | V6: Opération inscrite au PSPM | W6: Respect du PSPM | X6: Observations | Y6: Montant | Z6: Montant disponible | AA6: Montant | AB6: Constat | AC6: Observations | AD6: Conforme au modèle élaboré par la DGMP | AE6: Observations | AF6: Nombre de soumissionnaires | AG6: Référence de l'accord pour consulter moins de cinq entreprises | AH6: Entreprise 1 | AK6: Entreprise 2 | AN6: Entreprise 3 | AQ6: Existence | AR6: Conforme au modèle DGMP | AS6: Observations | AT6: Signature | AU6: Date | AV6: Qualité du signataire | AW6: Observations | AX6: Lot | AY6: Raison sociale | AZ6: NCC attributaire | BA6: Montant | BB6: Observations | BC6: Montant | BD6: Montant disponible | BE6: Constat | BF6: Date | BG6: Observations | BH6: Constat | BI6: Observations | BJ6: Existence | BK6: Exhaustivité | BL6: Observations | BM6: Nombre de jour de l'opération | BN6: Observations
A7: 1 | B7: =Saisie!B7 -> 0 | C7: =Saisie!C7 -> 0 | D7: =Saisie!D7 -> 0 | E7: =Saisie!E7 -> 0 | F7: =Saisie!F7 -> 0 | G7: =Saisie!G7 -> 0 | H7: =Saisie!I7 -> 0 | I7: =Saisie!J7 -> 0 | J7: =Saisie!K7 -> PRESTATIONS | K7: =Saisie!L7 -> 0 | L7: =Saisie!#REF! -> #REF! | M7: {=_xlfn.IFS(Saisie!M7="OUI",1,Saisie!M7="NON",0)} -> #N/A | N7: =Saisie!#REF! -> #REF! | O7: =Saisie!#REF! -> #REF! | P7: =Saisie!N7 -> 0 | Q7: {=_xlfn.IFS(Saisie!#REF!="OUI",1,Saisie!#REF!="NON",0)} -> #REF! | R7: =Saisie!#REF! -> #REF! | S7: =Saisie!#REF! -> #REF! | T7: =Saisie!#REF! -> #REF! | U7: =Saisie!#REF! -> #REF! | V7: {=_xlfn.IFS(Saisie!#REF!="OUI",1,Saisie!#REF!="NON",0)} -> #REF! | W7: {=_xlfn.IFS(Saisie!O7="OUI",1,Saisie!O7="NON",0)} -> #N/A | X7: =Saisie!P7 -> 0 | Y7: =Saisie!H7 -> 0 | Z7: =Saisie!#REF! -> #REF! | AA7: =Saisie!Q7 -> 0 | AB7: {=_xlfn.IFS(Saisie!R7="OUI",1,Saisie!R7="NON",0)} -> #N/A | AC7: =Saisie!S7 -> 0 | AD7: {=_xlfn.IFS(Saisie!T7="OUI",1,Saisie!T7="NON",0)} -> #N/A | AE7: =Saisie!U7 -> 0 | AF7: 3 | AG7: =Saisie!W7 -> 0 | AH7: =Saisie!X7 -> 0 | AI7: =Saisie!Y7 -> 0 | AJ7: =Saisie!Z7 -> 0 | AK7: =Saisie!AA7 -> 0 | AL7: =Saisie!AB7 -> 0 | AM7: =Saisie!AC7 -> 0 | AN7: =Saisie!AD7 -> 0 | ... AP7: =Saisie!AF7 -> 0 | AQ7: {=_xlfn.IFS(Saisie!AG7="OUI",1,Saisie!AG7="NON",0)} -> #N/A | AR7: {=_xlfn.IFS(Saisie!AH7="OUI",1,Saisie!AH7="NON",0)} -> #N/A | AS7: =Saisie!AI7 -> 0 | AT7: {=_xlfn.IFS(Saisie!AJ7="OUI",1,Saisie!AJ7="NON",0)} -> #N/A | AU7: =Saisie!AK7 -> 0 | AV7: {=_xlfn.IFS(Saisie!AL7="OUI",1,Saisie!AL7="NON",0)} -> #N/A | AW7: =Saisie!AM7 -> 0 | AX7: =Saisie!AN7 -> 0 | AY7: =Saisie!AO7 -> 0 | AZ7: =Saisie!AP7 -> 0 | BA7: =Saisie!AQ7 -> 0 | BB7: =Saisie!AR7 -> 0 | BC7: =Saisie!AS7 -> 0 | BD7: =Saisie!AT7 -> 0 | BE7: {=_xlfn.IFS(Saisie!AU7="OUI",1,Saisie!AU7="NON",0)} -> #N/A | BF7: =Saisie!AV7 -> 0 | BG7: =Saisie!AW7 -> 0 | BH7: {=_xlfn.IFS(Saisie!AX7="OUI",1,Saisie!AX7="NON",0)} -> #N/A | BI7: =Saisie!AY7 -> 0 | BJ7: {=_xlfn.IFS(Saisie!AZ7="OUI",1,Saisie!AZ7="NON",0)} -> #N/A | BK7: {=_xlfn.IFS(Saisie!BA7="OUI",1,Saisie!BA7="NON",0)} -> #N/A | BL7: =Saisie!BB7 -> 0 | BM7: =Saisie!BC7 -> #REF!
A8: 2 | B8: =Saisie!B8 -> 0 | C8: =Saisie!C8 -> 0 | D8: =Saisie!D8 -> 0 | E8: =Saisie!E8 -> 0 | F8: =Saisie!F8 -> 0 | G8: =Saisie!G8 -> 0 | H8: =Saisie!I8 -> 0 | I8: =Saisie!J8 -> 0 | J8: =Saisie!K8 -> 0 | K8: =Saisie!L8 -> 0 | L8: =Saisie!#REF! -> #REF! | M8: {=_xlfn.IFS(Saisie!M8="OUI",1,Saisie!M8="NON",0)} -> #N/A | N8: =Saisie!#REF! -> #REF! | O8: =Saisie!#REF! -> #REF! | P8: =Saisie!N8 -> 0 | Q8: {=_xlfn.IFS(Saisie!#REF!="OUI",1,Saisie!#REF!="NON",0)} -> #REF! | R8: =Saisie!#REF! -> #REF! | S8: =Saisie!#REF! -> #REF! | T8: =Saisie!#REF! -> #REF! | U8: =Saisie!#REF! -> #REF! | V8: {=_xlfn.IFS(Saisie!#REF!="OUI",1,Saisie!#REF!="NON",0)} -> #REF! | W8: {=_xlfn.IFS(Saisie!O8="OUI",1,Saisie!O8="NON",0)} -> #N/A | X8: =Saisie!P8 -> 0 | Y8: =Saisie!H8 -> 0 | Z8: =Saisie!#REF! -> #REF! | AA8: =Saisie!Q8 -> 0 | AB8: {=_xlfn.IFS(Saisie!R8="OUI",1,Saisie!R8="NON",0)} -> #N/A | AC8: =Saisie!S8 -> 0 | AD8: {=_xlfn.IFS(Saisie!T8="OUI",1,Saisie!T8="NON",0)} -> #N/A | AE8: =Saisie!U8 -> 0 | AF8: 3 | AG8: =Saisie!W8 -> 0 | AH8: =Saisie!X8 -> 0 | AI8: =Saisie!Y8 -> 0 | AJ8: =Saisie!Z8 -> 0 | AK8: =Saisie!AA8 -> 0 | AL8: =Saisie!AB8 -> 0 | AM8: =Saisie!AC8 -> 0 | AN8: =Saisie!AD8 -> 0 | ... AP8: =Saisie!AF8 -> 0 | AQ8: {=_xlfn.IFS(Saisie!AG8="OUI",1,Saisie!AG8="NON",0)} -> #N/A | AR8: {=_xlfn.IFS(Saisie!AH8="OUI",1,Saisie!AH8="NON",0)} -> #N/A | AS8: =Saisie!AI8 -> 0 | AT8: {=_xlfn.IFS(Saisie!AJ8="OUI",1,Saisie!AJ8="NON",0)} -> #N/A | AU8: =Saisie!AK8 -> 0 | AV8: {=_xlfn.IFS(Saisie!AL8="OUI",1,Saisie!AL8="NON",0)} -> #N/A | AW8: =Saisie!AM8 -> 0 | AX8: =Saisie!AN8 -> 0 | AY8: =Saisie!AO8 -> 0 | AZ8: =Saisie!AP8 -> 0 | BA8: =Saisie!AQ8 -> 0 | BB8: =Saisie!AR8 -> 0 | BC8: =Saisie!AS8 -> 0 | BD8: =Saisie!AT8 -> 0 | BE8: {=_xlfn.IFS(Saisie!AU8="OUI",1,Saisie!AU8="NON",0)} -> #N/A | BF8: =Saisie!AV8 -> 0 | BG8: =Saisie!AW8 -> 0 | BH8: {=_xlfn.IFS(Saisie!AX8="OUI",1,Saisie!AX8="NON",0)} -> #N/A | BI8: =Saisie!AY8 -> 0 | BJ8: {=_xlfn.IFS(Saisie!AZ8="OUI",1,Saisie!AZ8="NON",0)} -> #N/A | BK8: {=_xlfn.IFS(Saisie!BA8="OUI",1,Saisie!BA8="NON",0)} -> #N/A | BL8: =Saisie!BB8 -> 0 | BM8: =Saisie!BC8 -> #REF!
A9: 3 | B9: =Saisie!B9 -> 0 | C9: =Saisie!C9 -> 0 | D9: =Saisie!D9 -> 0 | E9: =Saisie!E9 -> 0 | F9: =Saisie!F9 -> 0 | G9: =Saisie!G9 -> 0 | H9: =Saisie!I9 -> 0 | I9: =Saisie!J9 -> 0 | J9: =Saisie!K9 -> 0 | K9: =Saisie!L9 -> 0 | L9: =Saisie!#REF! -> #REF! | M9: {=_xlfn.IFS(Saisie!M9="OUI",1,Saisie!M9="NON",0)} -> #N/A | N9: =Saisie!#REF! -> #REF! | O9: =Saisie!#REF! -> #REF! | P9: =Saisie!N9 -> 0 | Q9: {=_xlfn.IFS(Saisie!#REF!="OUI",1,Saisie!#REF!="NON",0)} -> #REF! | R9: =Saisie!#REF! -> #REF! | S9: =Saisie!#REF! -> #REF! | T9: =Saisie!#REF! -> #REF! | U9: =Saisie!#REF! -> #REF! | V9: {=_xlfn.IFS(Saisie!#REF!="OUI",1,Saisie!#REF!="NON",0)} -> #REF! | W9: {=_xlfn.IFS(Saisie!O9="OUI",1,Saisie!O9="NON",0)} -> #N/A | X9: =Saisie!P9 -> 0 | Y9: =Saisie!H9 -> 0 | Z9: =Saisie!#REF! -> #REF! | AA9: =Saisie!Q9 -> 0 | AB9: {=_xlfn.IFS(Saisie!R9="OUI",1,Saisie!R9="NON",0)} -> #N/A | AC9: =Saisie!S9 -> 0 | AD9: {=_xlfn.IFS(Saisie!T9="OUI",1,Saisie!T9="NON",0)} -> #N/A | AE9: =Saisie!U9 -> 0 | AF9: 3 | AG9: =Saisie!W9 -> 0 | AH9: =Saisie!X9 -> 0 | AI9: =Saisie!Y9 -> 0 | AJ9: =Saisie!Z9 -> 0 | AK9: =Saisie!AA9 -> 0 | AL9: =Saisie!AB9 -> 0 | AM9: =Saisie!AC9 -> 0 | AN9: =Saisie!AD9 -> 0 | ... AP9: =Saisie!AF9 -> 0 | AQ9: {=_xlfn.IFS(Saisie!AG9="OUI",1,Saisie!AG9="NON",0)} -> #N/A | AR9: {=_xlfn.IFS(Saisie!AH9="OUI",1,Saisie!AH9="NON",0)} -> #N/A | AS9: =Saisie!AI9 -> 0 | AT9: {=_xlfn.IFS(Saisie!AJ9="OUI",1,Saisie!AJ9="NON",0)} -> #N/A | AU9: =Saisie!AK9 -> 0 | AV9: {=_xlfn.IFS(Saisie!AL9="OUI",1,Saisie!AL9="NON",0)} -> #N/A | AW9: =Saisie!AM9 -> 0 | AX9: =Saisie!AN9 -> 0 | AY9: =Saisie!AO9 -> 0 | AZ9: =Saisie!AP9 -> 0 | BA9: =Saisie!AQ9 -> 0 | BB9: =Saisie!AR9 -> 0 | BC9: =Saisie!AS9 -> 0 | BD9: =Saisie!AT9 -> 0 | BE9: {=_xlfn.IFS(Saisie!AU9="OUI",1,Saisie!AU9="NON",0)} -> #N/A | BF9: =Saisie!AV9 -> 0 | BG9: =Saisie!AW9 -> 0 | BH9: {=_xlfn.IFS(Saisie!AX9="OUI",1,Saisie!AX9="NON",0)} -> #N/A | BI9: =Saisie!AY9 -> 0 | BJ9: {=_xlfn.IFS(Saisie!AZ9="OUI",1,Saisie!AZ9="NON",0)} -> #N/A | BK9: {=_xlfn.IFS(Saisie!BA9="OUI",1,Saisie!BA9="NON",0)} -> #N/A | BL9: =Saisie!BB9 -> 0 | BM9: =Saisie!BC9 -> #REF!
A10: 4 | B10: =Saisie!B10 -> 0 | C10: =Saisie!C10 -> 0 | D10: =Saisie!D10 -> 0 | E10: =Saisie!E10 -> 0 | F10: =Saisie!F10 -> 0 | G10: =Saisie!G10 -> 0 | H10: =Saisie!I10 -> 0 | I10: =Saisie!J10 -> 0 | J10: =Saisie!K10 -> 0 | K10: =Saisie!L10 -> 0 | L10: =Saisie!#REF! -> #REF! | M10: {=_xlfn.IFS(Saisie!M10="OUI",1,Saisie!M10="NON",0)} -> #N/A | N10: =Saisie!#REF! -> #REF! | O10: =Saisie!#REF! -> #REF! | P10: =Saisie!N10 -> 0 | Q10: {=_xlfn.IFS(Saisie!#REF!="OUI",1,Saisie!#REF!="NON",0)} -> #REF! | R10: =Saisie!#REF! -> #REF! | S10: =Saisie!#REF! -> #REF! | T10: =Saisie!#REF! -> #REF! | U10: =Saisie!#REF! -> #REF! | V10: {=_xlfn.IFS(Saisie!#REF!="OUI",1,Saisie!#REF!="NON",0)} -> #REF! | W10: {=_xlfn.IFS(Saisie!O10="OUI",1,Saisie!O10="NON",0)} -> #N/A | X10: =Saisie!P10 -> 0 | Y10: =Saisie!H10 -> 0 | Z10: =Saisie!#REF! -> #REF! | AA10: =Saisie!Q10 -> 0 | AB10: {=_xlfn.IFS(Saisie!R10="OUI",1,Saisie!R10="NON",0)} -> #N/A | AC10: =Saisie!S10 -> 0 | AD10: {=_xlfn.IFS(Saisie!T10="OUI",1,Saisie!T10="NON",0)} -> #N/A | AE10: =Saisie!U10 -> 0 | AF10: 3 | AG10: =Saisie!W10 -> 0 | AH10: =Saisie!X10 -> 0 | AI10: =Saisie!Y10 -> 0 | AJ10: =Saisie!Z10 -> 0 | AK10: =Saisie!AA10 -> 0 | AL10: =Saisie!AB10 -> 0 | AM10: =Saisie!AC10 -> 0 | AN10: =Saisie!AD10 -> 0 | ... AP10: =Saisie!AF10 -> 0 | AQ10: {=_xlfn.IFS(Saisie!AG10="OUI",1,Saisie!AG10="NON",0)} -> #N/A | AR10: {=_xlfn.IFS(Saisie!AH10="OUI",1,Saisie!AH10="NON",0)} -> #N/A | AS10: =Saisie!AI10 -> 0 | AT10: {=_xlfn.IFS(Saisie!AJ10="OUI",1,Saisie!AJ10="NON",0)} -> #N/A | AU10: =Saisie!AK10 -> 0 | AV10: {=_xlfn.IFS(Saisie!AL10="OUI",1,Saisie!AL10="NON",0)} -> #N/A | AW10: =Saisie!AM10 -> 0 | AX10: =Saisie!AN10 -> 0 | AY10: =Saisie!AO10 -> 0 | AZ10: =Saisie!AP10 -> 0 | BA10: =Saisie!AQ10 -> 0 | BB10: =Saisie!AR10 -> 0 | BC10: =Saisie!AS10 -> 0 | BD10: =Saisie!AT10 -> 0 | BE10: {=_xlfn.IFS(Saisie!AU10="OUI",1,Saisie!AU10="NON",0)} -> #N/A | BF10: =Saisie!AV10 -> 0 | BG10: =Saisie!AW10 -> 0 | BH10: {=_xlfn.IFS(Saisie!AX10="OUI",1,Saisie!AX10="NON",0)} -> #N/A | BI10: =Saisie!AY10 -> 0 | BJ10: {=_xlfn.IFS(Saisie!AZ10="OUI",1,Saisie!AZ10="NON",0)} -> #N/A | BK10: {=_xlfn.IFS(Saisie!BA10="OUI",1,Saisie!BA10="NON",0)} -> #N/A | BL10: =Saisie!BB10 -> 0 | BM10: =Saisie!BC10 -> #REF!
A11: 5 | B11: =Saisie!B11 -> 0 | C11: =Saisie!C11 -> 0 | D11: =Saisie!D11 -> 0 | E11: =Saisie!E11 -> 0 | F11: =Saisie!F11 -> 0 | G11: =Saisie!G11 -> 0 | H11: =Saisie!I11 -> 0 | I11: =Saisie!J11 -> 0 | J11: =Saisie!K11 -> 0 | K11: =Saisie!L11 -> 0 | L11: =Saisie!#REF! -> #REF! | M11: {=_xlfn.IFS(Saisie!M11="OUI",1,Saisie!M11="NON",0)} -> #N/A | N11: =Saisie!#REF! -> #REF! | O11: =Saisie!#REF! -> #REF! | P11: =Saisie!N11 -> 0 | Q11: {=_xlfn.IFS(Saisie!#REF!="OUI",1,Saisie!#REF!="NON",0)} -> #REF! | R11: =Saisie!#REF! -> #REF! | S11: =Saisie!#REF! -> #REF! | T11: =Saisie!#REF! -> #REF! | U11: =Saisie!#REF! -> #REF! | V11: {=_xlfn.IFS(Saisie!#REF!="OUI",1,Saisie!#REF!="NON",0)} -> #REF! | W11: {=_xlfn.IFS(Saisie!O11="OUI",1,Saisie!O11="NON",0)} -> #N/A | X11: =Saisie!P11 -> 0 | Y11: =Saisie!H11 -> 0 | Z11: =Saisie!#REF! -> #REF! | AA11: =Saisie!Q11 -> 0 | AB11: {=_xlfn.IFS(Saisie!R11="OUI",1,Saisie!R11="NON",0)} -> #N/A | AC11: =Saisie!S11 -> 0 | AD11: {=_xlfn.IFS(Saisie!T11="OUI",1,Saisie!T11="NON",0)} -> #N/A | AE11: =Saisie!U11 -> 0 | AF11: 3 | AG11: =Saisie!W11 -> 0 | AH11: =Saisie!X11 -> 0 | AI11: =Saisie!Y11 -> 0 | AJ11: =Saisie!Z11 -> 0 | AK11: =Saisie!AA11 -> 0 | AL11: =Saisie!AB11 -> 0 | AM11: =Saisie!AC11 -> 0 | AN11: =Saisie!AD11 -> 0 | ... AP11: =Saisie!AF11 -> 0 | AQ11: {=_xlfn.IFS(Saisie!AG11="OUI",1,Saisie!AG11="NON",0)} -> #N/A | AR11: {=_xlfn.IFS(Saisie!AH11="OUI",1,Saisie!AH11="NON",0)} -> #N/A | AS11: =Saisie!AI11 -> 0 | AT11: {=_xlfn.IFS(Saisie!AJ11="OUI",1,Saisie!AJ11="NON",0)} -> #N/A | AU11: =Saisie!AK11 -> 0 | AV11: {=_xlfn.IFS(Saisie!AL11="OUI",1,Saisie!AL11="NON",0)} -> #N/A | AW11: =Saisie!AM11 -> 0 | AX11: =Saisie!AN11 -> 0 | AY11: =Saisie!AO11 -> 0 | AZ11: =Saisie!AP11 -> 0 | BA11: =Saisie!AQ11 -> 0 | BB11: =Saisie!AR11 -> 0 | BC11: =Saisie!AS11 -> 0 | BD11: =Saisie!AT11 -> 0 | BE11: {=_xlfn.IFS(Saisie!AU11="OUI",1,Saisie!AU11="NON",0)} -> #N/A | BF11: =Saisie!AV11 -> 0 | BG11: =Saisie!AW11 -> 0 | BH11: {=_xlfn.IFS(Saisie!AX11="OUI",1,Saisie!AX11="NON",0)} -> #N/A | BI11: =Saisie!AY11 -> 0 | BJ11: {=_xlfn.IFS(Saisie!AZ11="OUI",1,Saisie!AZ11="NON",0)} -> #N/A | BK11: {=_xlfn.IFS(Saisie!BA11="OUI",1,Saisie!BA11="NON",0)} -> #N/A | BL11: =Saisie!BB11 -> 0 | BM11: =Saisie!BC11 -> #REF!
A12: 6 | B12: =Saisie!B12 -> 0 | C12: =Saisie!C12 -> 0 | D12: =Saisie!D12 -> 0 | E12: =Saisie!E12 -> 0 | F12: =Saisie!F12 -> 0 | G12: =Saisie!G12 -> 0 | H12: =Saisie!I12 -> 0 | I12: =Saisie!J12 -> 0 | J12: =Saisie!K12 -> 0 | K12: =Saisie!L12 -> 0 | L12: =Saisie!#REF! -> #REF! | M12: {=_xlfn.IFS(Saisie!M12="OUI",1,Saisie!M12="NON",0)} -> #N/A | N12: =Saisie!#REF! -> #REF! | O12: =Saisie!#REF! -> #REF! | P12: =Saisie!N12 -> 0 | Q12: {=_xlfn.IFS(Saisie!#REF!="OUI",1,Saisie!#REF!="NON",0)} -> #REF! | R12: =Saisie!#REF! -> #REF! | S12: =Saisie!#REF! -> #REF! | T12: =Saisie!#REF! -> #REF! | U12: =Saisie!#REF! -> #REF! | V12: {=_xlfn.IFS(Saisie!#REF!="OUI",1,Saisie!#REF!="NON",0)} -> #REF! | W12: {=_xlfn.IFS(Saisie!O12="OUI",1,Saisie!O12="NON",0)} -> #N/A | X12: =Saisie!P12 -> 0 | Y12: =Saisie!H12 -> 0 | Z12: =Saisie!#REF! -> #REF! | AA12: =Saisie!Q12 -> 0 | AB12: {=_xlfn.IFS(Saisie!R12="OUI",1,Saisie!R12="NON",0)} -> #N/A | AC12: =Saisie!S12 -> 0 | AD12: {=_xlfn.IFS(Saisie!T12="OUI",1,Saisie!T12="NON",0)} -> #N/A | AE12: =Saisie!U12 -> 0 | AF12: 3 | AG12: =Saisie!W12 -> 0 | AH12: =Saisie!X12 -> 0 | AI12: =Saisie!Y12 -> 0 | AJ12: =Saisie!Z12 -> 0 | AK12: =Saisie!AA12 -> 0 | AL12: =Saisie!AB12 -> 0 | AM12: =Saisie!AC12 -> 0 | AN12: =Saisie!AD12 -> 0 | ... AP12: =Saisie!AF12 -> 0 | AQ12: {=_xlfn.IFS(Saisie!AG12="OUI",1,Saisie!AG12="NON",0)} -> #N/A | AR12: {=_xlfn.IFS(Saisie!AH12="OUI",1,Saisie!AH12="NON",0)} -> #N/A | AS12: =Saisie!AI12 -> 0 | AT12: {=_xlfn.IFS(Saisie!AJ12="OUI",1,Saisie!AJ12="NON",0)} -> #N/A | AU12: =Saisie!AK12 -> 0 | AV12: {=_xlfn.IFS(Saisie!AL12="OUI",1,Saisie!AL12="NON",0)} -> #N/A | AW12: =Saisie!AM12 -> 0 | AX12: =Saisie!AN12 -> 0 | AY12: =Saisie!AO12 -> 0 | AZ12: =Saisie!AP12 -> 0 | BA12: =Saisie!AQ12 -> 0 | BB12: =Saisie!AR12 -> 0 | BC12: =Saisie!AS12 -> 0 | BD12: =Saisie!AT12 -> 0 | BE12: {=_xlfn.IFS(Saisie!AU12="OUI",1,Saisie!AU12="NON",0)} -> #N/A | BF12: =Saisie!AV12 -> 0 | BG12: =Saisie!AW12 -> 0 | BH12: {=_xlfn.IFS(Saisie!AX12="OUI",1,Saisie!AX12="NON",0)} -> #N/A | BI12: =Saisie!AY12 -> 0 | BJ12: {=_xlfn.IFS(Saisie!AZ12="OUI",1,Saisie!AZ12="NON",0)} -> #N/A | BK12: {=_xlfn.IFS(Saisie!BA12="OUI",1,Saisie!BA12="NON",0)} -> #N/A | BL12: =Saisie!BB12 -> 0 | BM12: =Saisie!BC12 -> #REF!
A13: 7 | B13: =Saisie!B13 -> 0 | C13: =Saisie!C13 -> 0 | D13: =Saisie!D13 -> 0 | E13: =Saisie!E13 -> 0 | F13: =Saisie!F13 -> 0 | G13: =Saisie!G13 -> 0 | H13: =Saisie!I13 -> 0 | I13: =Saisie!J13 -> 0 | J13: =Saisie!K13 -> 0 | K13: =Saisie!L13 -> 0 | L13: =Saisie!#REF! -> #REF! | M13: {=_xlfn.IFS(Saisie!M13="OUI",1,Saisie!M13="NON",0)} -> #N/A | N13: =Saisie!#REF! -> #REF! | O13: =Saisie!#REF! -> #REF! | P13: =Saisie!N13 -> 0 | Q13: {=_xlfn.IFS(Saisie!#REF!="OUI",1,Saisie!#REF!="NON",0)} -> #REF! | R13: =Saisie!#REF! -> #REF! | S13: =Saisie!#REF! -> #REF! | T13: =Saisie!#REF! -> #REF! | U13: =Saisie!#REF! -> #REF! | V13: {=_xlfn.IFS(Saisie!#REF!="OUI",1,Saisie!#REF!="NON",0)} -> #REF! | W13: {=_xlfn.IFS(Saisie!O13="OUI",1,Saisie!O13="NON",0)} -> #N/A | X13: =Saisie!P13 -> 0 | Y13: =Saisie!H13 -> 0 | Z13: =Saisie!#REF! -> #REF! | AA13: =Saisie!Q13 -> 0 | AB13: {=_xlfn.IFS(Saisie!R13="OUI",1,Saisie!R13="NON",0)} -> #N/A | AC13: =Saisie!S13 -> 0 | AD13: {=_xlfn.IFS(Saisie!T13="OUI",1,Saisie!T13="NON",0)} -> #N/A | AE13: =Saisie!U13 -> 0 | AF13: 3 | AG13: =Saisie!W13 -> 0 | AH13: =Saisie!X13 -> 0 | AI13: =Saisie!Y13 -> 0 | AJ13: =Saisie!Z13 -> 0 | AK13: =Saisie!AA13 -> 0 | AL13: =Saisie!AB13 -> 0 | AM13: =Saisie!AC13 -> 0 | AN13: =Saisie!AD13 -> 0 | ... AP13: =Saisie!AF13 -> 0 | AQ13: {=_xlfn.IFS(Saisie!AG13="OUI",1,Saisie!AG13="NON",0)} -> #N/A | AR13: {=_xlfn.IFS(Saisie!AH13="OUI",1,Saisie!AH13="NON",0)} -> #N/A | AS13: =Saisie!AI13 -> 0 | AT13: {=_xlfn.IFS(Saisie!AJ13="OUI",1,Saisie!AJ13="NON",0)} -> #N/A | AU13: =Saisie!AK13 -> 0 | AV13: {=_xlfn.IFS(Saisie!AL13="OUI",1,Saisie!AL13="NON",0)} -> #N/A | AW13: =Saisie!AM13 -> 0 | AX13: =Saisie!AN13 -> 0 | AY13: =Saisie!AO13 -> 0 | AZ13: =Saisie!AP13 -> 0 | BA13: =Saisie!AQ13 -> 0 | BB13: =Saisie!AR13 -> 0 | BC13: =Saisie!AS13 -> 0 | BD13: =Saisie!AT13 -> 0 | BE13: {=_xlfn.IFS(Saisie!AU13="OUI",1,Saisie!AU13="NON",0)} -> #N/A | BF13: =Saisie!AV13 -> 0 | BG13: =Saisie!AW13 -> 0 | BH13: {=_xlfn.IFS(Saisie!AX13="OUI",1,Saisie!AX13="NON",0)} -> #N/A | BI13: =Saisie!AY13 -> 0 | BJ13: {=_xlfn.IFS(Saisie!AZ13="OUI",1,Saisie!AZ13="NON",0)} -> #N/A | BK13: {=_xlfn.IFS(Saisie!BA13="OUI",1,Saisie!BA13="NON",0)} -> #N/A | BL13: =Saisie!BB13 -> 0 | BM13: =Saisie!BC13 -> #REF!
A14: 8 | B14: =Saisie!B14 -> 0 | C14: =Saisie!C14 -> 0 | D14: =Saisie!D14 -> 0 | E14: =Saisie!E14 -> 0 | F14: =Saisie!F14 -> 0 | G14: =Saisie!G14 -> 0 | H14: =Saisie!I14 -> 0 | I14: =Saisie!J14 -> 0 | J14: =Saisie!K14 -> 0 | K14: =Saisie!L14 -> 0 | L14: =Saisie!#REF! -> #REF! | M14: {=_xlfn.IFS(Saisie!M14="OUI",1,Saisie!M14="NON",0)} -> #N/A | N14: =Saisie!#REF! -> #REF! | O14: =Saisie!#REF! -> #REF! | P14: =Saisie!N14 -> 0 | Q14: {=_xlfn.IFS(Saisie!#REF!="OUI",1,Saisie!#REF!="NON",0)} -> #REF! | R14: =Saisie!#REF! -> #REF! | S14: =Saisie!#REF! -> #REF! | T14: =Saisie!#REF! -> #REF! | U14: =Saisie!#REF! -> #REF! | V14: {=_xlfn.IFS(Saisie!#REF!="OUI",1,Saisie!#REF!="NON",0)} -> #REF! | W14: {=_xlfn.IFS(Saisie!O14="OUI",1,Saisie!O14="NON",0)} -> #N/A | X14: =Saisie!P14 -> 0 | Y14: =Saisie!H14 -> 0 | Z14: =Saisie!#REF! -> #REF! | AA14: =Saisie!Q14 -> 0 | AB14: {=_xlfn.IFS(Saisie!R14="OUI",1,Saisie!R14="NON",0)} -> #N/A | AC14: =Saisie!S14 -> 0 | AD14: {=_xlfn.IFS(Saisie!T14="OUI",1,Saisie!T14="NON",0)} -> #N/A | AE14: =Saisie!U14 -> 0 | AF14: 3 | AG14: =Saisie!W14 -> 0 | AH14: =Saisie!X14 -> 0 | AI14: =Saisie!Y14 -> 0 | AJ14: =Saisie!Z14 -> 0 | AK14: =Saisie!AA14 -> 0 | AL14: =Saisie!AB14 -> 0 | AM14: =Saisie!AC14 -> 0 | AN14: =Saisie!AD14 -> 0 | ... AP14: =Saisie!AF14 -> 0 | AQ14: {=_xlfn.IFS(Saisie!AG14="OUI",1,Saisie!AG14="NON",0)} -> #N/A | AR14: {=_xlfn.IFS(Saisie!AH14="OUI",1,Saisie!AH14="NON",0)} -> #N/A | AS14: =Saisie!AI14 -> 0 | AT14: {=_xlfn.IFS(Saisie!AJ14="OUI",1,Saisie!AJ14="NON",0)} -> #N/A | AU14: =Saisie!AK14 -> 0 | AV14: {=_xlfn.IFS(Saisie!AL14="OUI",1,Saisie!AL14="NON",0)} -> #N/A | AW14: =Saisie!AM14 -> 0 | AX14: =Saisie!AN14 -> 0 | AY14: =Saisie!AO14 -> 0 | AZ14: =Saisie!AP14 -> 0 | BA14: =Saisie!AQ14 -> 0 | BB14: =Saisie!AR14 -> 0 | BC14: =Saisie!AS14 -> 0 | BD14: =Saisie!AT14 -> 0 | BE14: {=_xlfn.IFS(Saisie!AU14="OUI",1,Saisie!AU14="NON",0)} -> #N/A | BF14: =Saisie!AV14 -> 0 | BG14: =Saisie!AW14 -> 0 | BH14: {=_xlfn.IFS(Saisie!AX14="OUI",1,Saisie!AX14="NON",0)} -> #N/A | BI14: =Saisie!AY14 -> 0 | BJ14: {=_xlfn.IFS(Saisie!AZ14="OUI",1,Saisie!AZ14="NON",0)} -> #N/A | BK14: {=_xlfn.IFS(Saisie!BA14="OUI",1,Saisie!BA14="NON",0)} -> #N/A | BL14: =Saisie!BB14 -> 0 | BM14: =Saisie!BC14 -> #REF!
A15: 9 | B15: =Saisie!B15 -> 0 | C15: =Saisie!C15 -> 0 | D15: =Saisie!D15 -> 0 | E15: =Saisie!E15 -> 0 | F15: =Saisie!F15 -> 0 | G15: =Saisie!G15 -> 0 | H15: =Saisie!I15 -> 0 | I15: =Saisie!J15 -> 0 | J15: =Saisie!K15 -> 0 | K15: =Saisie!L15 -> 0 | L15: =Saisie!#REF! -> #REF! | M15: {=_xlfn.IFS(Saisie!M15="OUI",1,Saisie!M15="NON",0)} -> #N/A | N15: =Saisie!#REF! -> #REF! | O15: =Saisie!#REF! -> #REF! | P15: =Saisie!N15 -> 0 | Q15: {=_xlfn.IFS(Saisie!#REF!="OUI",1,Saisie!#REF!="NON",0)} -> #REF! | R15: =Saisie!#REF! -> #REF! | S15: =Saisie!#REF! -> #REF! | T15: =Saisie!#REF! -> #REF! | U15: =Saisie!#REF! -> #REF! | V15: {=_xlfn.IFS(Saisie!#REF!="OUI",1,Saisie!#REF!="NON",0)} -> #REF! | W15: {=_xlfn.IFS(Saisie!O15="OUI",1,Saisie!O15="NON",0)} -> #N/A | X15: =Saisie!P15 -> 0 | Y15: =Saisie!H15 -> 0 | Z15: =Saisie!#REF! -> #REF! | AA15: =Saisie!Q15 -> 0 | AB15: {=_xlfn.IFS(Saisie!R15="OUI",1,Saisie!R15="NON",0)} -> #N/A | AC15: =Saisie!S15 -> 0 | AD15: {=_xlfn.IFS(Saisie!T15="OUI",1,Saisie!T15="NON",0)} -> #N/A | AE15: =Saisie!U15 -> 0 | AF15: 3 | AG15: =Saisie!W15 -> 0 | AH15: =Saisie!X15 -> 0 | AI15: =Saisie!Y15 -> 0 | AJ15: =Saisie!Z15 -> 0 | AK15: =Saisie!AA15 -> 0 | AL15: =Saisie!AB15 -> 0 | AM15: =Saisie!AC15 -> 0 | AN15: =Saisie!AD15 -> 0 | ... AP15: =Saisie!AF15 -> 0 | AQ15: {=_xlfn.IFS(Saisie!AG15="OUI",1,Saisie!AG15="NON",0)} -> #N/A | AR15: {=_xlfn.IFS(Saisie!AH15="OUI",1,Saisie!AH15="NON",0)} -> #N/A | AS15: =Saisie!AI15 -> 0 | AT15: {=_xlfn.IFS(Saisie!AJ15="OUI",1,Saisie!AJ15="NON",0)} -> #N/A | AU15: =Saisie!AK15 -> 0 | AV15: {=_xlfn.IFS(Saisie!AL15="OUI",1,Saisie!AL15="NON",0)} -> #N/A | AW15: =Saisie!AM15 -> 0 | AX15: =Saisie!AN15 -> 0 | AY15: =Saisie!AO15 -> 0 | AZ15: =Saisie!AP15 -> 0 | BA15: =Saisie!AQ15 -> 0 | BB15: =Saisie!AR15 -> 0 | BC15: =Saisie!AS15 -> 0 | BD15: =Saisie!AT15 -> 0 | BE15: {=_xlfn.IFS(Saisie!AU15="OUI",1,Saisie!AU15="NON",0)} -> #N/A | BF15: =Saisie!AV15 -> 0 | BG15: =Saisie!AW15 -> 0 | BH15: {=_xlfn.IFS(Saisie!AX15="OUI",1,Saisie!AX15="NON",0)} -> #N/A | BI15: =Saisie!AY15 -> 0 | BJ15: {=_xlfn.IFS(Saisie!AZ15="OUI",1,Saisie!AZ15="NON",0)} -> #N/A | BK15: {=_xlfn.IFS(Saisie!BA15="OUI",1,Saisie!BA15="NON",0)} -> #N/A | BL15: =Saisie!BB15 -> 0 | BM15: =Saisie!BC15 -> #REF!
A16: 10 | B16: =Saisie!B16 -> 0 | C16: =Saisie!C16 -> 0 | D16: =Saisie!D16 -> 0 | E16: =Saisie!E16 -> 0 | F16: =Saisie!F16 -> 0 | G16: =Saisie!G16 -> 0 | H16: =Saisie!I16 -> 0 | I16: =Saisie!J16 -> 0 | J16: =Saisie!K16 -> 0 | K16: =Saisie!L16 -> 0 | L16: =Saisie!#REF! -> #REF! | M16: {=_xlfn.IFS(Saisie!M16="OUI",1,Saisie!M16="NON",0)} -> #N/A | N16: =Saisie!#REF! -> #REF! | O16: =Saisie!#REF! -> #REF! | P16: =Saisie!N16 -> 0 | Q16: {=_xlfn.IFS(Saisie!#REF!="OUI",1,Saisie!#REF!="NON",0)} -> #REF! | R16: =Saisie!#REF! -> #REF! | S16: =Saisie!#REF! -> #REF! | T16: =Saisie!#REF! -> #REF! | U16: =Saisie!#REF! -> #REF! | V16: {=_xlfn.IFS(Saisie!#REF!="OUI",1,Saisie!#REF!="NON",0)} -> #REF! | W16: {=_xlfn.IFS(Saisie!O16="OUI",1,Saisie!O16="NON",0)} -> #N/A | X16: =Saisie!P16 -> 0 | Y16: =Saisie!H16 -> 0 | Z16: =Saisie!#REF! -> #REF! | AA16: =Saisie!Q16 -> 0 | AB16: {=_xlfn.IFS(Saisie!R16="OUI",1,Saisie!R16="NON",0)} -> #N/A | AC16: =Saisie!S16 -> 0 | AD16: {=_xlfn.IFS(Saisie!T16="OUI",1,Saisie!T16="NON",0)} -> #N/A | AE16: =Saisie!U16 -> 0 | AF16: 3 | AG16: =Saisie!W16 -> 0 | AH16: =Saisie!X16 -> 0 | AI16: =Saisie!Y16 -> 0 | AJ16: =Saisie!Z16 -> 0 | AK16: =Saisie!AA16 -> 0 | AL16: =Saisie!AB16 -> 0 | AM16: =Saisie!AC16 -> 0 | AN16: =Saisie!AD16 -> 0 | ... AP16: =Saisie!AF16 -> 0 | AQ16: {=_xlfn.IFS(Saisie!AG16="OUI",1,Saisie!AG16="NON",0)} -> #N/A | AR16: {=_xlfn.IFS(Saisie!AH16="OUI",1,Saisie!AH16="NON",0)} -> #N/A | AS16: =Saisie!AI16 -> 0 | AT16: {=_xlfn.IFS(Saisie!AJ16="OUI",1,Saisie!AJ16="NON",0)} -> #N/A | AU16: =Saisie!AK16 -> 0 | AV16: {=_xlfn.IFS(Saisie!AL16="OUI",1,Saisie!AL16="NON",0)} -> #N/A | AW16: =Saisie!AM16 -> 0 | AX16: =Saisie!AN16 -> 0 | AY16: =Saisie!AO16 -> 0 | AZ16: =Saisie!AP16 -> 0 | BA16: =Saisie!AQ16 -> 0 | BB16: =Saisie!AR16 -> 0 | BC16: =Saisie!AS16 -> 0 | BD16: =Saisie!AT16 -> 0 | BE16: {=_xlfn.IFS(Saisie!AU16="OUI",1,Saisie!AU16="NON",0)} -> #N/A | BF16: =Saisie!AV16 -> 0 | BG16: =Saisie!AW16 -> 0 | BH16: {=_xlfn.IFS(Saisie!AX16="OUI",1,Saisie!AX16="NON",0)} -> #N/A | BI16: =Saisie!AY16 -> 0 | BJ16: {=_xlfn.IFS(Saisie!AZ16="OUI",1,Saisie!AZ16="NON",0)} -> #N/A | BK16: {=_xlfn.IFS(Saisie!BA16="OUI",1,Saisie!BA16="NON",0)} -> #N/A | BL16: =Saisie!BB16 -> 0 | BM16: =Saisie!BC16 -> #REF!
A17: 11 | B17: =Saisie!B17 -> 0 | C17: =Saisie!C17 -> 0 | D17: =Saisie!D17 -> 0 | E17: =Saisie!E17 -> 0 | F17: =Saisie!F17 -> 0 | G17: =Saisie!G17 -> 0 | H17: =Saisie!I17 -> 0 | I17: =Saisie!J17 -> 0 | J17: =Saisie!K17 -> 0 | K17: =Saisie!L17 -> 0 | L17: =Saisie!#REF! -> #REF! | M17: {=_xlfn.IFS(Saisie!M17="OUI",1,Saisie!M17="NON",0)} -> #N/A | N17: =Saisie!#REF! -> #REF! | O17: =Saisie!#REF! -> #REF! | P17: =Saisie!N17 -> 0 | Q17: {=_xlfn.IFS(Saisie!#REF!="OUI",1,Saisie!#REF!="NON",0)} -> #REF! | R17: =Saisie!#REF! -> #REF! | S17: =Saisie!#REF! -> #REF! | T17: =Saisie!#REF! -> #REF! | U17: =Saisie!#REF! -> #REF! | V17: {=_xlfn.IFS(Saisie!#REF!="OUI",1,Saisie!#REF!="NON",0)} -> #REF! | W17: {=_xlfn.IFS(Saisie!O17="OUI",1,Saisie!O17="NON",0)} -> #N/A | X17: =Saisie!P17 -> 0 | Y17: =Saisie!H17 -> 0 | Z17: =Saisie!#REF! -> #REF! | AA17: =Saisie!Q17 -> 0 | AB17: {=_xlfn.IFS(Saisie!R17="OUI",1,Saisie!R17="NON",0)} -> #N/A | AC17: =Saisie!S17 -> 0 | AD17: {=_xlfn.IFS(Saisie!T17="OUI",1,Saisie!T17="NON",0)} -> #N/A | AE17: =Saisie!U17 -> 0 | AF17: 3 | AG17: =Saisie!W17 -> 0 | AH17: =Saisie!X17 -> 0 | AI17: =Saisie!Y17 -> 0 | AJ17: =Saisie!Z17 -> 0 | AK17: =Saisie!AA17 -> 0 | AL17: =Saisie!AB17 -> 0 | AM17: =Saisie!AC17 -> 0 | AN17: =Saisie!AD17 -> 0 | ... AP17: =Saisie!AF17 -> 0 | AQ17: {=_xlfn.IFS(Saisie!AG17="OUI",1,Saisie!AG17="NON",0)} -> #N/A | AR17: {=_xlfn.IFS(Saisie!AH17="OUI",1,Saisie!AH17="NON",0)} -> #N/A | AS17: =Saisie!AI17 -> 0 | AT17: {=_xlfn.IFS(Saisie!AJ17="OUI",1,Saisie!AJ17="NON",0)} -> #N/A | AU17: =Saisie!AK17 -> 0 | AV17: {=_xlfn.IFS(Saisie!AL17="OUI",1,Saisie!AL17="NON",0)} -> #N/A | AW17: =Saisie!AM17 -> 0 | AX17: =Saisie!AN17 -> 0 | AY17: =Saisie!AO17 -> 0 | AZ17: =Saisie!AP17 -> 0 | BA17: =Saisie!AQ17 -> 0 | BB17: =Saisie!AR17 -> 0 | BC17: =Saisie!AS17 -> 0 | BD17: =Saisie!AT17 -> 0 | BE17: {=_xlfn.IFS(Saisie!AU17="OUI",1,Saisie!AU17="NON",0)} -> #N/A | BF17: =Saisie!AV17 -> 0 | BG17: =Saisie!AW17 -> 0 | BH17: {=_xlfn.IFS(Saisie!AX17="OUI",1,Saisie!AX17="NON",0)} -> #N/A | BI17: =Saisie!AY17 -> 0 | BJ17: {=_xlfn.IFS(Saisie!AZ17="OUI",1,Saisie!AZ17="NON",0)} -> #N/A | BK17: {=_xlfn.IFS(Saisie!BA17="OUI",1,Saisie!BA17="NON",0)} -> #N/A | BL17: =Saisie!BB17 -> 0 | BM17: =Saisie!BC17 -> #REF!
A18: 12 | B18: =Saisie!B18 -> 0 | C18: =Saisie!C18 -> 0 | D18: =Saisie!D18 -> 0 | E18: =Saisie!E18 -> 0 | F18: =Saisie!F18 -> 0 | G18: =Saisie!G18 -> 0 | H18: =Saisie!I18 -> 0 | I18: =Saisie!J18 -> 0 | J18: =Saisie!K18 -> 0 | K18: =Saisie!L18 -> 0 | L18: =Saisie!#REF! -> #REF! | M18: {=_xlfn.IFS(Saisie!M18="OUI",1,Saisie!M18="NON",0)} -> #N/A | N18: =Saisie!#REF! -> #REF! | O18: =Saisie!#REF! -> #REF! | P18: =Saisie!N18 -> 0 | Q18: {=_xlfn.IFS(Saisie!#REF!="OUI",1,Saisie!#REF!="NON",0)} -> #REF! | R18: =Saisie!#REF! -> #REF! | S18: =Saisie!#REF! -> #REF! | T18: =Saisie!#REF! -> #REF! | U18: =Saisie!#REF! -> #REF! | V18: {=_xlfn.IFS(Saisie!#REF!="OUI",1,Saisie!#REF!="NON",0)} -> #REF! | W18: {=_xlfn.IFS(Saisie!O18="OUI",1,Saisie!O18="NON",0)} -> #N/A | X18: =Saisie!P18 -> 0 | Y18: =Saisie!H18 -> 0 | Z18: =Saisie!#REF! -> #REF! | AA18: =Saisie!Q18 -> 0 | AB18: {=_xlfn.IFS(Saisie!R18="OUI",1,Saisie!R18="NON",0)} -> #N/A | AC18: =Saisie!S18 -> 0 | AD18: {=_xlfn.IFS(Saisie!T18="OUI",1,Saisie!T18="NON",0)} -> #N/A | AE18: =Saisie!U18 -> 0 | AF18: 3 | AG18: =Saisie!W18 -> 0 | AH18: =Saisie!X18 -> 0 | AI18: =Saisie!Y18 -> 0 | AJ18: =Saisie!Z18 -> 0 | AK18: =Saisie!AA18 -> 0 | AL18: =Saisie!AB18 -> 0 | AM18: =Saisie!AC18 -> 0 | AN18: =Saisie!AD18 -> 0 | ... AP18: =Saisie!AF18 -> 0 | AQ18: {=_xlfn.IFS(Saisie!AG18="OUI",1,Saisie!AG18="NON",0)} -> #N/A | AR18: {=_xlfn.IFS(Saisie!AH18="OUI",1,Saisie!AH18="NON",0)} -> #N/A | AS18: =Saisie!AI18 -> 0 | AT18: {=_xlfn.IFS(Saisie!AJ18="OUI",1,Saisie!AJ18="NON",0)} -> #N/A | AU18: =Saisie!AK18 -> 0 | AV18: {=_xlfn.IFS(Saisie!AL18="OUI",1,Saisie!AL18="NON",0)} -> #N/A | AW18: =Saisie!AM18 -> 0 | AX18: =Saisie!AN18 -> 0 | AY18: =Saisie!AO18 -> 0 | AZ18: =Saisie!AP18 -> 0 | BA18: =Saisie!AQ18 -> 0 | BB18: =Saisie!AR18 -> 0 | BC18: =Saisie!AS18 -> 0 | BD18: =Saisie!AT18 -> 0 | BE18: {=_xlfn.IFS(Saisie!AU18="OUI",1,Saisie!AU18="NON",0)} -> #N/A | BF18: =Saisie!AV18 -> 0 | BG18: =Saisie!AW18 -> 0 | BH18: {=_xlfn.IFS(Saisie!AX18="OUI",1,Saisie!AX18="NON",0)} -> #N/A | BI18: =Saisie!AY18 -> 0 | BJ18: {=_xlfn.IFS(Saisie!AZ18="OUI",1,Saisie!AZ18="NON",0)} -> #N/A | BK18: {=_xlfn.IFS(Saisie!BA18="OUI",1,Saisie!BA18="NON",0)} -> #N/A | BL18: =Saisie!BB18 -> 0 | BM18: =Saisie!BC18 -> #REF!
... A23: 17 | B23: =Saisie!B23 -> 0 | C23: =Saisie!C23 -> 0 | D23: =Saisie!D23 -> 0 | E23: =Saisie!E23 -> 0 | F23: =Saisie!F23 -> 0 | G23: =Saisie!G23 -> 0 | H23: =Saisie!I23 -> 0 | I23: =Saisie!J23 -> 0 | J23: =Saisie!K23 -> 0 | K23: =Saisie!L23 -> 0 | L23: =Saisie!#REF! -> #REF! | M23: {=_xlfn.IFS(Saisie!M23="OUI",1,Saisie!M23="NON",0)} -> #N/A | N23: =Saisie!#REF! -> #REF! | O23: =Saisie!#REF! -> #REF! | P23: =Saisie!N23 -> 0 | Q23: {=_xlfn.IFS(Saisie!#REF!="OUI",1,Saisie!#REF!="NON",0)} -> #REF! | R23: =Saisie!#REF! -> #REF! | S23: =Saisie!#REF! -> #REF! | T23: =Saisie!#REF! -> #REF! | U23: =Saisie!#REF! -> #REF! | V23: {=_xlfn.IFS(Saisie!#REF!="OUI",1,Saisie!#REF!="NON",0)} -> #REF! | W23: {=_xlfn.IFS(Saisie!O23="OUI",1,Saisie!O23="NON",0)} -> #N/A | X23: =Saisie!P23 -> 0 | Y23: =Saisie!H23 -> 0 | Z23: =Saisie!#REF! -> #REF! | AA23: =Saisie!Q23 -> 0 | AB23: {=_xlfn.IFS(Saisie!R23="OUI",1,Saisie!R23="NON",0)} -> #N/A | AC23: =Saisie!S23 -> 0 | AD23: {=_xlfn.IFS(Saisie!T23="OUI",1,Saisie!T23="NON",0)} -> #N/A | AE23: =Saisie!U23 -> 0 | AF23: 3 | AG23: =Saisie!W23 -> 0 | AH23: =Saisie!X23 -> 0 | AI23: =Saisie!Y23 -> 0 | AJ23: =Saisie!Z23 -> 0 | AK23: =Saisie!AA23 -> 0 | AL23: =Saisie!AB23 -> 0 | AM23: =Saisie!AC23 -> 0 | AN23: =Saisie!AD23 -> 0 | ... AP23: =Saisie!AF23 -> 0 | AQ23: {=_xlfn.IFS(Saisie!AG23="OUI",1,Saisie!AG23="NON",0)} -> #N/A | AR23: {=_xlfn.IFS(Saisie!AH23="OUI",1,Saisie!AH23="NON",0)} -> #N/A | AS23: =Saisie!AI23 -> 0 | AT23: {=_xlfn.IFS(Saisie!AJ23="OUI",1,Saisie!AJ23="NON",0)} -> #N/A | AU23: =Saisie!AK23 -> 0 | AV23: {=_xlfn.IFS(Saisie!AL23="OUI",1,Saisie!AL23="NON",0)} -> #N/A | AW23: =Saisie!AM23 -> 0 | AX23: =Saisie!AN23 -> 0 | AY23: =Saisie!AO23 -> 0 | AZ23: =Saisie!AP23 -> 0 | BA23: =Saisie!AQ23 -> 0 | BB23: =Saisie!AR23 -> 0 | BC23: =Saisie!AS23 -> 0 | BD23: =Saisie!AT23 -> 0 | BE23: {=_xlfn.IFS(Saisie!AU23="OUI",1,Saisie!AU23="NON",0)} -> #N/A | BF23: =Saisie!AV23 -> 0 | BG23: =Saisie!AW23 -> 0 | BH23: {=_xlfn.IFS(Saisie!AX23="OUI",1,Saisie!AX23="NON",0)} -> #N/A | BI23: =Saisie!AY23 -> 0 | BJ23: {=_xlfn.IFS(Saisie!AZ23="OUI",1,Saisie!AZ23="NON",0)} -> #N/A | BK23: {=_xlfn.IFS(Saisie!BA23="OUI",1,Saisie!BA23="NON",0)} -> #N/A | BL23: =Saisie!BB23 -> 0 | BM23: =Saisie!BC23 -> #REF!
A24: 18 | B24: =Saisie!B24 -> 0 | C24: =Saisie!C24 -> 0 | D24: =Saisie!D24 -> 0 | E24: =Saisie!E24 -> 0 | F24: =Saisie!F24 -> 0 | G24: =Saisie!G24 -> 0 | H24: =Saisie!I24 -> 0 | I24: =Saisie!J24 -> 0 | J24: =Saisie!K24 -> 0 | K24: =Saisie!L24 -> 0 | L24: =Saisie!#REF! -> #REF! | M24: {=_xlfn.IFS(Saisie!M24="OUI",1,Saisie!M24="NON",0)} -> #N/A | N24: =Saisie!#REF! -> #REF! | O24: =Saisie!#REF! -> #REF! | P24: =Saisie!N24 -> 0 | Q24: {=_xlfn.IFS(Saisie!#REF!="OUI",1,Saisie!#REF!="NON",0)} -> #REF! | R24: =Saisie!#REF! -> #REF! | S24: =Saisie!#REF! -> #REF! | T24: =Saisie!#REF! -> #REF! | U24: =Saisie!#REF! -> #REF! | V24: {=_xlfn.IFS(Saisie!#REF!="OUI",1,Saisie!#REF!="NON",0)} -> #REF! | W24: {=_xlfn.IFS(Saisie!O24="OUI",1,Saisie!O24="NON",0)} -> #N/A | X24: =Saisie!P24 -> 0 | Y24: =Saisie!H24 -> 0 | Z24: =Saisie!#REF! -> #REF! | AA24: =Saisie!Q24 -> 0 | AB24: {=_xlfn.IFS(Saisie!R24="OUI",1,Saisie!R24="NON",0)} -> #N/A | AC24: =Saisie!S24 -> 0 | AD24: {=_xlfn.IFS(Saisie!T24="OUI",1,Saisie!T24="NON",0)} -> #N/A | AE24: =Saisie!U24 -> 0 | AF24: 3 | AG24: =Saisie!W24 -> 0 | AH24: =Saisie!X24 -> 0 | AI24: =Saisie!Y24 -> 0 | AJ24: =Saisie!Z24 -> 0 | AK24: =Saisie!AA24 -> 0 | AL24: =Saisie!AB24 -> 0 | AM24: =Saisie!AC24 -> 0 | AN24: =Saisie!AD24 -> 0 | ... AP24: =Saisie!AF24 -> 0 | AQ24: {=_xlfn.IFS(Saisie!AG24="OUI",1,Saisie!AG24="NON",0)} -> #N/A | AR24: {=_xlfn.IFS(Saisie!AH24="OUI",1,Saisie!AH24="NON",0)} -> #N/A | AS24: =Saisie!AI24 -> 0 | AT24: {=_xlfn.IFS(Saisie!AJ24="OUI",1,Saisie!AJ24="NON",0)} -> #N/A | AU24: =Saisie!AK24 -> 0 | AV24: {=_xlfn.IFS(Saisie!AL24="OUI",1,Saisie!AL24="NON",0)} -> #N/A | AW24: =Saisie!AM24 -> 0 | AX24: =Saisie!AN24 -> 0 | AY24: =Saisie!AO24 -> 0 | AZ24: =Saisie!AP24 -> 0 | BA24: =Saisie!AQ24 -> 0 | BB24: =Saisie!AR24 -> 0 | BC24: =Saisie!AS24 -> 0 | BD24: =Saisie!AT24 -> 0 | BE24: {=_xlfn.IFS(Saisie!AU24="OUI",1,Saisie!AU24="NON",0)} -> #N/A | BF24: =Saisie!AV24 -> 0 | BG24: =Saisie!AW24 -> 0 | BH24: {=_xlfn.IFS(Saisie!AX24="OUI",1,Saisie!AX24="NON",0)} -> #N/A | BI24: =Saisie!AY24 -> 0 | BJ24: {=_xlfn.IFS(Saisie!AZ24="OUI",1,Saisie!AZ24="NON",0)} -> #N/A | BK24: {=_xlfn.IFS(Saisie!BA24="OUI",1,Saisie!BA24="NON",0)} -> #N/A | BL24: =Saisie!BB24 -> 0 | BM24: =Saisie!BC24 -> #REF! | BN24: Même numéro de cotation que l'opération en dessous ( CF19/2023)
A25: 19 | B25: =Saisie!B25 -> 0 | C25: =Saisie!C25 -> 0 | D25: =Saisie!D25 -> 0 | E25: =Saisie!E25 -> 0 | F25: =Saisie!F25 -> 0 | G25: =Saisie!G25 -> 0 | H25: =Saisie!I25 -> 0 | I25: =Saisie!J25 -> 0 | J25: =Saisie!K25 -> 0 | K25: =Saisie!L25 -> 0 | L25: =Saisie!#REF! -> #REF! | M25: {=_xlfn.IFS(Saisie!M25="OUI",1,Saisie!M25="NON",0)} -> #N/A | N25: =Saisie!#REF! -> #REF! | O25: =Saisie!#REF! -> #REF! | P25: =Saisie!N25 -> 0 | Q25: {=_xlfn.IFS(Saisie!#REF!="OUI",1,Saisie!#REF!="NON",0)} -> #REF! | R25: =Saisie!#REF! -> #REF! | S25: =Saisie!#REF! -> #REF! | T25: =Saisie!#REF! -> #REF! | U25: =Saisie!#REF! -> #REF! | V25: {=_xlfn.IFS(Saisie!#REF!="OUI",1,Saisie!#REF!="NON",0)} -> #REF! | W25: {=_xlfn.IFS(Saisie!O25="OUI",1,Saisie!O25="NON",0)} -> #N/A | X25: =Saisie!P25 -> 0 | Y25: =Saisie!H25 -> 0 | Z25: =Saisie!#REF! -> #REF! | AA25: =Saisie!Q25 -> 0 | AB25: {=_xlfn.IFS(Saisie!R25="OUI",1,Saisie!R25="NON",0)} -> #N/A | AC25: =Saisie!S25 -> 0 | AD25: {=_xlfn.IFS(Saisie!T25="OUI",1,Saisie!T25="NON",0)} -> #N/A | AE25: =Saisie!U25 -> 0 | AF25: 3 | AG25: =Saisie!W25 -> 0 | AH25: =Saisie!X25 -> 0 | AI25: =Saisie!Y25 -> 0 | AJ25: =Saisie!Z25 -> 0 | AK25: =Saisie!AA25 -> 0 | AL25: =Saisie!AB25 -> 0 | AM25: =Saisie!AC25 -> 0 | AN25: =Saisie!AD25 -> 0 | ... AP25: =Saisie!AF25 -> 0 | AQ25: {=_xlfn.IFS(Saisie!AG25="OUI",1,Saisie!AG25="NON",0)} -> #N/A | AR25: {=_xlfn.IFS(Saisie!AH25="OUI",1,Saisie!AH25="NON",0)} -> #N/A | AS25: =Saisie!AI25 -> 0 | AT25: {=_xlfn.IFS(Saisie!AJ25="OUI",1,Saisie!AJ25="NON",0)} -> #N/A | AU25: =Saisie!AK25 -> 0 | AV25: {=_xlfn.IFS(Saisie!AL25="OUI",1,Saisie!AL25="NON",0)} -> #N/A | AW25: =Saisie!AM25 -> 0 | AX25: =Saisie!AN25 -> 0 | AY25: =Saisie!AO25 -> 0 | AZ25: =Saisie!AP25 -> 0 | BA25: =Saisie!AQ25 -> 0 | BB25: =Saisie!AR25 -> 0 | BC25: =Saisie!AS25 -> 0 | BD25: =Saisie!AT25 -> 0 | BE25: {=_xlfn.IFS(Saisie!AU25="OUI",1,Saisie!AU25="NON",0)} -> #N/A | BF25: =Saisie!AV25 -> 0 | BG25: =Saisie!AW25 -> 0 | BH25: {=_xlfn.IFS(Saisie!AX25="OUI",1,Saisie!AX25="NON",0)} -> #N/A | BI25: =Saisie!AY25 -> 0 | BJ25: {=_xlfn.IFS(Saisie!AZ25="OUI",1,Saisie!AZ25="NON",0)} -> #N/A | BK25: {=_xlfn.IFS(Saisie!BA25="OUI",1,Saisie!BA25="NON",0)} -> #N/A | BL25: =Saisie!BB25 -> 0 | BM25: =Saisie!BC25 -> #REF! | BN25: Même numéro de cotation que l'opération précedente ( CF19/2023)
A26: 20 | B26: =Saisie!B26 -> 0 | C26: =Saisie!C26 -> 0 | D26: =Saisie!D26 -> 0 | E26: =Saisie!E26 -> 0 | F26: =Saisie!F26 -> 0 | G26: =Saisie!G26 -> 0 | H26: =Saisie!I26 -> 0 | I26: =Saisie!J26 -> 0 | J26: =Saisie!K26 -> 0 | K26: =Saisie!L26 -> 0 | L26: =Saisie!#REF! -> #REF! | M26: {=_xlfn.IFS(Saisie!M26="OUI",1,Saisie!M26="NON",0)} -> #N/A | N26: =Saisie!#REF! -> #REF! | O26: =Saisie!#REF! -> #REF! | P26: =Saisie!N26 -> 0 | Q26: {=_xlfn.IFS(Saisie!#REF!="OUI",1,Saisie!#REF!="NON",0)} -> #REF! | R26: =Saisie!#REF! -> #REF! | S26: =Saisie!#REF! -> #REF! | T26: =Saisie!#REF! -> #REF! | U26: =Saisie!#REF! -> #REF! | V26: {=_xlfn.IFS(Saisie!#REF!="OUI",1,Saisie!#REF!="NON",0)} -> #REF! | W26: {=_xlfn.IFS(Saisie!O26="OUI",1,Saisie!O26="NON",0)} -> #N/A | X26: =Saisie!P26 -> 0 | Y26: =Saisie!H26 -> 0 | Z26: =Saisie!#REF! -> #REF! | AA26: =Saisie!Q26 -> 0 | AB26: {=_xlfn.IFS(Saisie!R26="OUI",1,Saisie!R26="NON",0)} -> #N/A | AC26: =Saisie!S26 -> 0 | AD26: {=_xlfn.IFS(Saisie!T26="OUI",1,Saisie!T26="NON",0)} -> #N/A | AE26: =Saisie!U26 -> 0 | AF26: 3 | AG26: =Saisie!W26 -> 0 | AH26: =Saisie!X26 -> 0 | AI26: =Saisie!Y26 -> 0 | AJ26: =Saisie!Z26 -> 0 | AK26: =Saisie!AA26 -> 0 | AL26: =Saisie!AB26 -> 0 | AM26: =Saisie!AC26 -> 0 | AN26: =Saisie!AD26 -> 0 | ... AP26: =Saisie!AF26 -> 0 | AQ26: {=_xlfn.IFS(Saisie!AG26="OUI",1,Saisie!AG26="NON",0)} -> #N/A | AR26: {=_xlfn.IFS(Saisie!AH26="OUI",1,Saisie!AH26="NON",0)} -> #N/A | AS26: =Saisie!AI26 -> 0 | AT26: {=_xlfn.IFS(Saisie!AJ26="OUI",1,Saisie!AJ26="NON",0)} -> #N/A | AU26: =Saisie!AK26 -> 0 | AV26: {=_xlfn.IFS(Saisie!AL26="OUI",1,Saisie!AL26="NON",0)} -> #N/A | AW26: =Saisie!AM26 -> 0 | AX26: =Saisie!AN26 -> 0 | AY26: =Saisie!AO26 -> 0 | AZ26: =Saisie!AP26 -> 0 | BA26: =Saisie!AQ26 -> 0 | BB26: =Saisie!AR26 -> 0 | BC26: =Saisie!AS26 -> 0 | BD26: =Saisie!AT26 -> 0 | BE26: {=_xlfn.IFS(Saisie!AU26="OUI",1,Saisie!AU26="NON",0)} -> #N/A | BF26: =Saisie!AV26 -> 0 | BG26: =Saisie!AW26 -> 0 | BH26: {=_xlfn.IFS(Saisie!AX26="OUI",1,Saisie!AX26="NON",0)} -> #N/A | BI26: =Saisie!AY26 -> 0 | BJ26: {=_xlfn.IFS(Saisie!AZ26="OUI",1,Saisie!AZ26="NON",0)} -> #N/A | BK26: {=_xlfn.IFS(Saisie!BA26="OUI",1,Saisie!BA26="NON",0)} -> #N/A | BL26: =Saisie!BB26 -> 0 | BM26: =Saisie!BC26 -> #REF!
A27: 21 | B27: =Saisie!B27 -> 0 | C27: =Saisie!C27 -> 0 | D27: =Saisie!D27 -> 0 | E27: =Saisie!E27 -> 0 | F27: =Saisie!F27 -> 0 | G27: =Saisie!G27 -> 0 | H27: =Saisie!I27 -> 0 | I27: =Saisie!J27 -> 0 | J27: =Saisie!K27 -> 0 | K27: =Saisie!L27 -> 0 | L27: =Saisie!#REF! -> #REF! | M27: {=_xlfn.IFS(Saisie!M27="OUI",1,Saisie!M27="NON",0)} -> #N/A | N27: =Saisie!#REF! -> #REF! | O27: =Saisie!#REF! -> #REF! | P27: =Saisie!N27 -> 0 | Q27: {=_xlfn.IFS(Saisie!#REF!="OUI",1,Saisie!#REF!="NON",0)} -> #REF! | R27: =Saisie!#REF! -> #REF! | S27: =Saisie!#REF! -> #REF! | T27: =Saisie!#REF! -> #REF! | U27: =Saisie!#REF! -> #REF! | V27: {=_xlfn.IFS(Saisie!#REF!="OUI",1,Saisie!#REF!="NON",0)} -> #REF! | W27: {=_xlfn.IFS(Saisie!O27="OUI",1,Saisie!O27="NON",0)} -> #N/A | X27: =Saisie!P27 -> 0 | Y27: =Saisie!H27 -> 0 | Z27: =Saisie!#REF! -> #REF! | AA27: =Saisie!Q27 -> 0 | AB27: {=_xlfn.IFS(Saisie!R27="OUI",1,Saisie!R27="NON",0)} -> #N/A | AC27: =Saisie!S27 -> 0 | AD27: {=_xlfn.IFS(Saisie!T27="OUI",1,Saisie!T27="NON",0)} -> #N/A | AE27: =Saisie!U27 -> 0 | AF27: 3 | AG27: =Saisie!W27 -> 0 | AH27: =Saisie!X27 -> 0 | AI27: =Saisie!Y27 -> 0 | AJ27: =Saisie!Z27 -> 0 | AK27: =Saisie!AA27 -> 0 | AL27: =Saisie!AB27 -> 0 | AM27: =Saisie!AC27 -> 0 | AN27: =Saisie!AD27 -> 0 | ... AP27: =Saisie!AF27 -> 0 | AQ27: {=_xlfn.IFS(Saisie!AG27="OUI",1,Saisie!AG27="NON",0)} -> #N/A | AR27: {=_xlfn.IFS(Saisie!AH27="OUI",1,Saisie!AH27="NON",0)} -> #N/A | AS27: =Saisie!AI27 -> 0 | AT27: {=_xlfn.IFS(Saisie!AJ27="OUI",1,Saisie!AJ27="NON",0)} -> #N/A | AU27: =Saisie!AK27 -> 0 | AV27: {=_xlfn.IFS(Saisie!AL27="OUI",1,Saisie!AL27="NON",0)} -> #N/A | AW27: =Saisie!AM27 -> 0 | AX27: =Saisie!AN27 -> 0 | AY27: =Saisie!AO27 -> 0 | AZ27: =Saisie!AP27 -> 0 | BA27: =Saisie!AQ27 -> 0 | BB27: =Saisie!AR27 -> 0 | BC27: =Saisie!AS27 -> 0 | BD27: =Saisie!AT27 -> 0 | BE27: {=_xlfn.IFS(Saisie!AU27="OUI",1,Saisie!AU27="NON",0)} -> #N/A | BF27: =Saisie!AV27 -> 0 | BG27: =Saisie!AW27 -> 0 | BH27: {=_xlfn.IFS(Saisie!AX27="OUI",1,Saisie!AX27="NON",0)} -> #N/A | BI27: =Saisie!AY27 -> 0 | BJ27: {=_xlfn.IFS(Saisie!AZ27="OUI",1,Saisie!AZ27="NON",0)} -> #N/A | BK27: {=_xlfn.IFS(Saisie!BA27="OUI",1,Saisie!BA27="NON",0)} -> #N/A | BL27: =Saisie!BB27 -> 0 | BM27: =Saisie!BC27 -> #REF!
A28: 22 | B28: =Saisie!B28 -> 0 | C28: =Saisie!C28 -> 0 | D28: =Saisie!D28 -> 0 | E28: =Saisie!E28 -> 0 | F28: =Saisie!F28 -> 0 | G28: =Saisie!G28 -> 0 | H28: =Saisie!I28 -> 0 | I28: =Saisie!J28 -> 0 | J28: =Saisie!K28 -> 0 | K28: =Saisie!L28 -> 0 | L28: =Saisie!#REF! -> #REF! | M28: {=_xlfn.IFS(Saisie!M28="OUI",1,Saisie!M28="NON",0)} -> #N/A | N28: =Saisie!#REF! -> #REF! | O28: =Saisie!#REF! -> #REF! | P28: =Saisie!N28 -> 0 | Q28: {=_xlfn.IFS(Saisie!#REF!="OUI",1,Saisie!#REF!="NON",0)} -> #REF! | R28: =Saisie!#REF! -> #REF! | S28: =Saisie!#REF! -> #REF! | T28: =Saisie!#REF! -> #REF! | U28: =Saisie!#REF! -> #REF! | V28: {=_xlfn.IFS(Saisie!#REF!="OUI",1,Saisie!#REF!="NON",0)} -> #REF! | W28: {=_xlfn.IFS(Saisie!O28="OUI",1,Saisie!O28="NON",0)} -> #N/A | X28: =Saisie!P28 -> 0 | Y28: =Saisie!H28 -> 0 | Z28: =Saisie!#REF! -> #REF! | AA28: =Saisie!Q28 -> 0 | AB28: {=_xlfn.IFS(Saisie!R28="OUI",1,Saisie!R28="NON",0)} -> #N/A | AC28: =Saisie!S28 -> 0 | AD28: {=_xlfn.IFS(Saisie!T28="OUI",1,Saisie!T28="NON",0)} -> #N/A | AE28: =Saisie!U28 -> 0 | AF28: 3 | AG28: =Saisie!W28 -> 0 | AH28: =Saisie!X28 -> 0 | AI28: =Saisie!Y28 -> 0 | AJ28: =Saisie!Z28 -> 0 | AK28: =Saisie!AA28 -> 0 | AL28: =Saisie!AB28 -> 0 | AM28: =Saisie!AC28 -> 0 | AN28: =Saisie!AD28 -> 0 | ... AP28: =Saisie!AF28 -> 0 | AQ28: {=_xlfn.IFS(Saisie!AG28="OUI",1,Saisie!AG28="NON",0)} -> #N/A | AR28: {=_xlfn.IFS(Saisie!AH28="OUI",1,Saisie!AH28="NON",0)} -> #N/A | AS28: =Saisie!AI28 -> 0 | AT28: {=_xlfn.IFS(Saisie!AJ28="OUI",1,Saisie!AJ28="NON",0)} -> #N/A | AU28: =Saisie!AK28 -> 0 | AV28: {=_xlfn.IFS(Saisie!AL28="OUI",1,Saisie!AL28="NON",0)} -> #N/A | AW28: =Saisie!AM28 -> 0 | AX28: =Saisie!AN28 -> 0 | AY28: =Saisie!AO28 -> 0 | AZ28: =Saisie!AP28 -> 0 | BA28: =Saisie!AQ28 -> 0 | BB28: =Saisie!AR28 -> 0 | BC28: =Saisie!AS28 -> 0 | BD28: =Saisie!AT28 -> 0 | BE28: {=_xlfn.IFS(Saisie!AU28="OUI",1,Saisie!AU28="NON",0)} -> #N/A | BF28: =Saisie!AV28 -> 0 | BG28: =Saisie!AW28 -> 0 | BH28: {=_xlfn.IFS(Saisie!AX28="OUI",1,Saisie!AX28="NON",0)} -> #N/A | BI28: =Saisie!AY28 -> 0 | BJ28: {=_xlfn.IFS(Saisie!AZ28="OUI",1,Saisie!AZ28="NON",0)} -> #N/A | BK28: {=_xlfn.IFS(Saisie!BA28="OUI",1,Saisie!BA28="NON",0)} -> #N/A | BL28: =Saisie!BB28 -> 0 | BM28: =Saisie!BC28 -> #REF!
A29: 23 | B29: =Saisie!B29 -> 0 | C29: =Saisie!C29 -> 0 | D29: =Saisie!D29 -> 0 | E29: =Saisie!E29 -> 0 | F29: =Saisie!F29 -> 0 | G29: =Saisie!G29 -> 0 | H29: =Saisie!I29 -> 0 | I29: =Saisie!J29 -> 0 | J29: =Saisie!K29 -> 0 | K29: =Saisie!L29 -> 0 | L29: =Saisie!#REF! -> #REF! | M29: {=_xlfn.IFS(Saisie!M29="OUI",1,Saisie!M29="NON",0)} -> #N/A | N29: =Saisie!#REF! -> #REF! | O29: =Saisie!#REF! -> #REF! | P29: =Saisie!N29 -> 0 | Q29: {=_xlfn.IFS(Saisie!#REF!="OUI",1,Saisie!#REF!="NON",0)} -> #REF! | R29: =Saisie!#REF! -> #REF! | S29: =Saisie!#REF! -> #REF! | T29: =Saisie!#REF! -> #REF! | U29: =Saisie!#REF! -> #REF! | V29: {=_xlfn.IFS(Saisie!#REF!="OUI",1,Saisie!#REF!="NON",0)} -> #REF! | W29: {=_xlfn.IFS(Saisie!O29="OUI",1,Saisie!O29="NON",0)} -> #N/A | X29: =Saisie!P29 -> 0 | Y29: =Saisie!H29 -> 0 | Z29: =Saisie!#REF! -> #REF! | AA29: =Saisie!Q29 -> 0 | AB29: {=_xlfn.IFS(Saisie!R29="OUI",1,Saisie!R29="NON",0)} -> #N/A | AC29: =Saisie!S29 -> 0 | AD29: {=_xlfn.IFS(Saisie!T29="OUI",1,Saisie!T29="NON",0)} -> #N/A | AE29: =Saisie!U29 -> 0 | AF29: 3 | AG29: =Saisie!W29 -> 0 | AH29: =Saisie!X29 -> 0 | AI29: =Saisie!Y29 -> 0 | AJ29: =Saisie!Z29 -> 0 | AK29: =Saisie!AA29 -> 0 | AL29: =Saisie!AB29 -> 0 | AM29: =Saisie!AC29 -> 0 | AN29: =Saisie!AD29 -> 0 | ... AP29: =Saisie!AF29 -> 0 | AQ29: {=_xlfn.IFS(Saisie!AG29="OUI",1,Saisie!AG29="NON",0)} -> #N/A | AR29: {=_xlfn.IFS(Saisie!AH29="OUI",1,Saisie!AH29="NON",0)} -> #N/A | AS29: =Saisie!AI29 -> 0 | AT29: {=_xlfn.IFS(Saisie!AJ29="OUI",1,Saisie!AJ29="NON",0)} -> #N/A | AU29: =Saisie!AK29 -> 0 | AV29: {=_xlfn.IFS(Saisie!AL29="OUI",1,Saisie!AL29="NON",0)} -> #N/A | AW29: =Saisie!AM29 -> 0 | AX29: =Saisie!AN29 -> 0 | AY29: =Saisie!AO29 -> 0 | AZ29: =Saisie!AP29 -> 0 | BA29: =Saisie!AQ29 -> 0 | BB29: =Saisie!AR29 -> 0 | BC29: =Saisie!AS29 -> 0 | BD29: =Saisie!AT29 -> 0 | BE29: {=_xlfn.IFS(Saisie!AU29="OUI",1,Saisie!AU29="NON",0)} -> #N/A | BF29: =Saisie!AV29 -> 0 | BG29: =Saisie!AW29 -> 0 | BH29: {=_xlfn.IFS(Saisie!AX29="OUI",1,Saisie!AX29="NON",0)} -> #N/A | BI29: =Saisie!AY29 -> 0 | BJ29: {=_xlfn.IFS(Saisie!AZ29="OUI",1,Saisie!AZ29="NON",0)} -> #N/A | BK29: {=_xlfn.IFS(Saisie!BA29="OUI",1,Saisie!BA29="NON",0)} -> #N/A | BL29: =Saisie!BB29 -> 0 | BM29: =Saisie!BC29 -> #REF!
A30: 24 | B30: =Saisie!B30 -> 0 | C30: =Saisie!C30 -> 0 | D30: =Saisie!D30 -> 0 | E30: =Saisie!E30 -> 0 | F30: =Saisie!F30 -> 0 | G30: =Saisie!G30 -> 0 | H30: =Saisie!I30 -> 0 | I30: =Saisie!J30 -> 0 | J30: =Saisie!K30 -> 0 | K30: =Saisie!L30 -> 0 | L30: =Saisie!#REF! -> #REF! | M30: {=_xlfn.IFS(Saisie!M30="OUI",1,Saisie!M30="NON",0)} -> #N/A | N30: =Saisie!#REF! -> #REF! | O30: =Saisie!#REF! -> #REF! | P30: =Saisie!N30 -> 0 | Q30: {=_xlfn.IFS(Saisie!#REF!="OUI",1,Saisie!#REF!="NON",0)} -> #REF! | R30: =Saisie!#REF! -> #REF! | S30: =Saisie!#REF! -> #REF! | T30: =Saisie!#REF! -> #REF! | U30: =Saisie!#REF! -> #REF! | V30: {=_xlfn.IFS(Saisie!#REF!="OUI",1,Saisie!#REF!="NON",0)} -> #REF! | W30: {=_xlfn.IFS(Saisie!O30="OUI",1,Saisie!O30="NON",0)} -> #N/A | X30: =Saisie!P30 -> 0 | Y30: =Saisie!H30 -> 0 | Z30: =Saisie!#REF! -> #REF! | AA30: =Saisie!Q30 -> 0 | AB30: {=_xlfn.IFS(Saisie!R30="OUI",1,Saisie!R30="NON",0)} -> #N/A | AC30: =Saisie!S30 -> 0 | AD30: {=_xlfn.IFS(Saisie!T30="OUI",1,Saisie!T30="NON",0)} -> #N/A | AE30: =Saisie!U30 -> 0 | AF30: 3 | AG30: =Saisie!W30 -> 0 | AH30: =Saisie!X30 -> 0 | AI30: =Saisie!Y30 -> 0 | AJ30: =Saisie!Z30 -> 0 | AK30: =Saisie!AA30 -> 0 | AL30: =Saisie!AB30 -> 0 | AM30: =Saisie!AC30 -> 0 | AN30: =Saisie!AD30 -> 0 | ... AP30: =Saisie!AF30 -> 0 | AQ30: {=_xlfn.IFS(Saisie!AG30="OUI",1,Saisie!AG30="NON",0)} -> #N/A | AR30: {=_xlfn.IFS(Saisie!AH30="OUI",1,Saisie!AH30="NON",0)} -> #N/A | AS30: =Saisie!AI30 -> 0 | AT30: {=_xlfn.IFS(Saisie!AJ30="OUI",1,Saisie!AJ30="NON",0)} -> #N/A | AU30: =Saisie!AK30 -> 0 | AV30: {=_xlfn.IFS(Saisie!AL30="OUI",1,Saisie!AL30="NON",0)} -> #N/A | AW30: =Saisie!AM30 -> 0 | AX30: =Saisie!AN30 -> 0 | AY30: =Saisie!AO30 -> 0 | AZ30: =Saisie!AP30 -> 0 | BA30: =Saisie!AQ30 -> 0 | BB30: =Saisie!AR30 -> 0 | BC30: =Saisie!AS30 -> 0 | BD30: =Saisie!AT30 -> 0 | BE30: {=_xlfn.IFS(Saisie!AU30="OUI",1,Saisie!AU30="NON",0)} -> #N/A | BF30: =Saisie!AV30 -> 0 | BG30: =Saisie!AW30 -> 0 | BH30: {=_xlfn.IFS(Saisie!AX30="OUI",1,Saisie!AX30="NON",0)} -> #N/A | BI30: =Saisie!AY30 -> 0 | BJ30: {=_xlfn.IFS(Saisie!AZ30="OUI",1,Saisie!AZ30="NON",0)} -> #N/A | BK30: {=_xlfn.IFS(Saisie!BA30="OUI",1,Saisie!BA30="NON",0)} -> #N/A | BL30: =Saisie!BB30 -> 0 | BM30: =Saisie!BC30 -> #REF!
A31: 25 | B31: =Saisie!B31 -> 0 | C31: =Saisie!C31 -> 0 | D31: =Saisie!D31 -> 0 | E31: =Saisie!E31 -> 0 | F31: =Saisie!F31 -> 0 | G31: =Saisie!G31 -> 0 | H31: =Saisie!I31 -> 0 | I31: =Saisie!J31 -> 0 | J31: =Saisie!K31 -> 0 | K31: =Saisie!L31 -> 0 | L31: =Saisie!#REF! -> #REF! | M31: {=_xlfn.IFS(Saisie!M31="OUI",1,Saisie!M31="NON",0)} -> #N/A | N31: =Saisie!#REF! -> #REF! | O31: =Saisie!#REF! -> #REF! | P31: =Saisie!N31 -> 0 | Q31: {=_xlfn.IFS(Saisie!#REF!="OUI",1,Saisie!#REF!="NON",0)} -> #REF! | R31: =Saisie!#REF! -> #REF! | S31: =Saisie!#REF! -> #REF! | T31: =Saisie!#REF! -> #REF! | U31: =Saisie!#REF! -> #REF! | V31: {=_xlfn.IFS(Saisie!#REF!="OUI",1,Saisie!#REF!="NON",0)} -> #REF! | W31: {=_xlfn.IFS(Saisie!O31="OUI",1,Saisie!O31="NON",0)} -> #N/A | X31: =Saisie!P31 -> 0 | Y31: =Saisie!H31 -> 0 | Z31: =Saisie!#REF! -> #REF! | AA31: =Saisie!Q31 -> 0 | AB31: {=_xlfn.IFS(Saisie!R31="OUI",1,Saisie!R31="NON",0)} -> #N/A | AC31: =Saisie!S31 -> 0 | AD31: {=_xlfn.IFS(Saisie!T31="OUI",1,Saisie!T31="NON",0)} -> #N/A | AE31: =Saisie!U31 -> 0 | AF31: 3 | AG31: =Saisie!W31 -> 0 | AH31: =Saisie!X31 -> 0 | AI31: =Saisie!Y31 -> 0 | AJ31: =Saisie!Z31 -> 0 | AK31: =Saisie!AA31 -> 0 | AL31: =Saisie!AB31 -> 0 | AM31: =Saisie!AC31 -> 0 | AN31: =Saisie!AD31 -> 0 | ... AP31: =Saisie!AF31 -> 0 | AQ31: {=_xlfn.IFS(Saisie!AG31="OUI",1,Saisie!AG31="NON",0)} -> #N/A | AR31: {=_xlfn.IFS(Saisie!AH31="OUI",1,Saisie!AH31="NON",0)} -> #N/A | AS31: =Saisie!AI31 -> 0 | AT31: {=_xlfn.IFS(Saisie!AJ31="OUI",1,Saisie!AJ31="NON",0)} -> #N/A | AU31: =Saisie!AK31 -> 0 | AV31: {=_xlfn.IFS(Saisie!AL31="OUI",1,Saisie!AL31="NON",0)} -> #N/A | AW31: =Saisie!AM31 -> 0 | AX31: =Saisie!AN31 -> 0 | AY31: =Saisie!AO31 -> 0 | AZ31: =Saisie!AP31 -> 0 | BA31: =Saisie!AQ31 -> 0 | BB31: =Saisie!AR31 -> 0 | BC31: =Saisie!AS31 -> 0 | BD31: =Saisie!AT31 -> 0 | BE31: {=_xlfn.IFS(Saisie!AU31="OUI",1,Saisie!AU31="NON",0)} -> #N/A | BF31: =Saisie!AV31 -> 0 | BG31: =Saisie!AW31 -> 0 | BH31: {=_xlfn.IFS(Saisie!AX31="OUI",1,Saisie!AX31="NON",0)} -> #N/A | BI31: =Saisie!AY31 -> 0 | BJ31: {=_xlfn.IFS(Saisie!AZ31="OUI",1,Saisie!AZ31="NON",0)} -> #N/A | BK31: {=_xlfn.IFS(Saisie!BA31="OUI",1,Saisie!BA31="NON",0)} -> #N/A | BL31: =Saisie!BB31 -> 0 | BM31: =Saisie!BC31 -> #REF!
A32: 26 | B32: =Saisie!B32 -> 0 | C32: =Saisie!C32 -> 0 | D32: =Saisie!D32 -> 0 | E32: =Saisie!E32 -> 0 | F32: =Saisie!F32 -> 0 | G32: =Saisie!G32 -> 0 | H32: =Saisie!I32 -> 0 | I32: =Saisie!J32 -> 0 | J32: =Saisie!K32 -> 0 | K32: =Saisie!L32 -> 0 | L32: =Saisie!#REF! -> #REF! | M32: {=_xlfn.IFS(Saisie!M32="OUI",1,Saisie!M32="NON",0)} -> #N/A | N32: =Saisie!#REF! -> #REF! | O32: =Saisie!#REF! -> #REF! | P32: =Saisie!N32 -> 0 | Q32: {=_xlfn.IFS(Saisie!#REF!="OUI",1,Saisie!#REF!="NON",0)} -> #REF! | R32: =Saisie!#REF! -> #REF! | S32: =Saisie!#REF! -> #REF! | T32: =Saisie!#REF! -> #REF! | U32: =Saisie!#REF! -> #REF! | V32: {=_xlfn.IFS(Saisie!#REF!="OUI",1,Saisie!#REF!="NON",0)} -> #REF! | W32: {=_xlfn.IFS(Saisie!O32="OUI",1,Saisie!O32="NON",0)} -> #N/A | X32: =Saisie!P32 -> 0 | Y32: =Saisie!H32 -> 0 | Z32: =Saisie!#REF! -> #REF! | AA32: =Saisie!Q32 -> 0 | AB32: {=_xlfn.IFS(Saisie!R32="OUI",1,Saisie!R32="NON",0)} -> #N/A | AC32: =Saisie!S32 -> 0 | AD32: {=_xlfn.IFS(Saisie!T32="OUI",1,Saisie!T32="NON",0)} -> #N/A | AE32: =Saisie!U32 -> 0 | AF32: 3 | AG32: =Saisie!W32 -> 0 | AH32: =Saisie!X32 -> 0 | AI32: =Saisie!Y32 -> 0 | AJ32: =Saisie!Z32 -> 0 | AK32: =Saisie!AA32 -> 0 | AL32: =Saisie!AB32 -> 0 | AM32: =Saisie!AC32 -> 0 | AN32: =Saisie!AD32 -> 0 | ... AP32: =Saisie!AF32 -> 0 | AQ32: {=_xlfn.IFS(Saisie!AG32="OUI",1,Saisie!AG32="NON",0)} -> #N/A | AR32: {=_xlfn.IFS(Saisie!AH32="OUI",1,Saisie!AH32="NON",0)} -> #N/A | AS32: =Saisie!AI32 -> 0 | AT32: {=_xlfn.IFS(Saisie!AJ32="OUI",1,Saisie!AJ32="NON",0)} -> #N/A | AU32: =Saisie!AK32 -> 0 | AV32: {=_xlfn.IFS(Saisie!AL32="OUI",1,Saisie!AL32="NON",0)} -> #N/A | AW32: =Saisie!AM32 -> 0 | AX32: =Saisie!AN32 -> 0 | AY32: =Saisie!AO32 -> 0 | AZ32: =Saisie!AP32 -> 0 | BA32: =Saisie!AQ32 -> 0 | BB32: =Saisie!AR32 -> 0 | BC32: =Saisie!AS32 -> 0 | BD32: =Saisie!AT32 -> 0 | BE32: {=_xlfn.IFS(Saisie!AU32="OUI",1,Saisie!AU32="NON",0)} -> #N/A | BF32: =Saisie!AV32 -> 0 | BG32: =Saisie!AW32 -> 0 | BH32: {=_xlfn.IFS(Saisie!AX32="OUI",1,Saisie!AX32="NON",0)} -> #N/A | BI32: =Saisie!AY32 -> 0 | BJ32: {=_xlfn.IFS(Saisie!AZ32="OUI",1,Saisie!AZ32="NON",0)} -> #N/A | BK32: {=_xlfn.IFS(Saisie!BA32="OUI",1,Saisie!BA32="NON",0)} -> #N/A | BL32: =Saisie!BB32 -> 0 | BM32: =Saisie!BC32 -> #REF!
A33: 27 | B33: =Saisie!B33 -> 0 | C33: =Saisie!C33 -> 0 | D33: =Saisie!D33 -> 0 | E33: =Saisie!E33 -> 0 | F33: =Saisie!F33 -> 0 | G33: =Saisie!G33 -> 0 | H33: =Saisie!I33 -> 0 | I33: =Saisie!J33 -> 0 | J33: =Saisie!K33 -> 0 | K33: =Saisie!L33 -> 0 | L33: =Saisie!#REF! -> #REF! | M33: {=_xlfn.IFS(Saisie!M33="OUI",1,Saisie!M33="NON",0)} -> #N/A | N33: =Saisie!#REF! -> #REF! | O33: =Saisie!#REF! -> #REF! | P33: =Saisie!N33 -> 0 | Q33: {=_xlfn.IFS(Saisie!#REF!="OUI",1,Saisie!#REF!="NON",0)} -> #REF! | R33: =Saisie!#REF! -> #REF! | S33: =Saisie!#REF! -> #REF! | T33: =Saisie!#REF! -> #REF! | U33: =Saisie!#REF! -> #REF! | V33: {=_xlfn.IFS(Saisie!#REF!="OUI",1,Saisie!#REF!="NON",0)} -> #REF! | W33: {=_xlfn.IFS(Saisie!O33="OUI",1,Saisie!O33="NON",0)} -> #N/A | X33: =Saisie!P33 -> 0 | Y33: =Saisie!H33 -> 0 | Z33: =Saisie!#REF! -> #REF! | AA33: =Saisie!Q33 -> 0 | AB33: {=_xlfn.IFS(Saisie!R33="OUI",1,Saisie!R33="NON",0)} -> #N/A | AC33: =Saisie!S33 -> 0 | AD33: {=_xlfn.IFS(Saisie!T33="OUI",1,Saisie!T33="NON",0)} -> #N/A | AE33: =Saisie!U33 -> 0 | AF33: 3 | AG33: =Saisie!W33 -> 0 | AH33: =Saisie!X33 -> 0 | AI33: =Saisie!Y33 -> 0 | AJ33: =Saisie!Z33 -> 0 | AK33: =Saisie!AA33 -> 0 | AL33: =Saisie!AB33 -> 0 | AM33: =Saisie!AC33 -> 0 | AN33: =Saisie!AD33 -> 0 | ... AP33: =Saisie!AF33 -> 0 | AQ33: {=_xlfn.IFS(Saisie!AG33="OUI",1,Saisie!AG33="NON",0)} -> #N/A | AR33: {=_xlfn.IFS(Saisie!AH33="OUI",1,Saisie!AH33="NON",0)} -> #N/A | AS33: =Saisie!AI33 -> 0 | AT33: {=_xlfn.IFS(Saisie!AJ33="OUI",1,Saisie!AJ33="NON",0)} -> #N/A | AU33: =Saisie!AK33 -> 0 | AV33: {=_xlfn.IFS(Saisie!AL33="OUI",1,Saisie!AL33="NON",0)} -> #N/A | AW33: =Saisie!AM33 -> 0 | AX33: =Saisie!AN33 -> 0 | AY33: =Saisie!AO33 -> 0 | AZ33: =Saisie!AP33 -> 0 | BA33: =Saisie!AQ33 -> 0 | BB33: =Saisie!AR33 -> 0 | BC33: =Saisie!AS33 -> 0 | BD33: =Saisie!AT33 -> 0 | BE33: {=_xlfn.IFS(Saisie!AU33="OUI",1,Saisie!AU33="NON",0)} -> #N/A | BF33: =Saisie!AV33 -> 0 | BG33: =Saisie!AW33 -> 0 | BH33: {=_xlfn.IFS(Saisie!AX33="OUI",1,Saisie!AX33="NON",0)} -> #N/A | BI33: =Saisie!AY33 -> 0 | BJ33: {=_xlfn.IFS(Saisie!AZ33="OUI",1,Saisie!AZ33="NON",0)} -> #N/A | BK33: {=_xlfn.IFS(Saisie!BA33="OUI",1,Saisie!BA33="NON",0)} -> #N/A | BL33: =Saisie!BB33 -> 0 | BM33: =Saisie!BC33 -> #REF!
A34: 28 | B34: =Saisie!B34 -> 0 | C34: =Saisie!C34 -> 0 | D34: =Saisie!D34 -> 0 | E34: =Saisie!E34 -> 0 | F34: =Saisie!F34 -> 0 | G34: =Saisie!G34 -> 0 | H34: =Saisie!I34 -> 0 | I34: =Saisie!J34 -> 0 | J34: =Saisie!K34 -> 0 | K34: =Saisie!L34 -> 0 | L34: =Saisie!#REF! -> #REF! | M34: {=_xlfn.IFS(Saisie!M34="OUI",1,Saisie!M34="NON",0)} -> #N/A | N34: =Saisie!#REF! -> #REF! | O34: =Saisie!#REF! -> #REF! | P34: =Saisie!N34 -> 0 | Q34: {=_xlfn.IFS(Saisie!#REF!="OUI",1,Saisie!#REF!="NON",0)} -> #REF! | R34: =Saisie!#REF! -> #REF! | S34: =Saisie!#REF! -> #REF! | T34: =Saisie!#REF! -> #REF! | U34: =Saisie!#REF! -> #REF! | V34: {=_xlfn.IFS(Saisie!#REF!="OUI",1,Saisie!#REF!="NON",0)} -> #REF! | W34: {=_xlfn.IFS(Saisie!O34="OUI",1,Saisie!O34="NON",0)} -> #N/A | X34: =Saisie!P34 -> 0 | Y34: =Saisie!H34 -> 0 | Z34: =Saisie!#REF! -> #REF! | AA34: =Saisie!Q34 -> 0 | AB34: {=_xlfn.IFS(Saisie!R34="OUI",1,Saisie!R34="NON",0)} -> #N/A | AC34: =Saisie!S34 -> 0 | AD34: {=_xlfn.IFS(Saisie!T34="OUI",1,Saisie!T34="NON",0)} -> #N/A | AE34: =Saisie!U34 -> 0 | AF34: 3 | AG34: =Saisie!W34 -> 0 | AH34: =Saisie!X34 -> 0 | AI34: =Saisie!Y34 -> 0 | AJ34: =Saisie!Z34 -> 0 | AK34: =Saisie!AA34 -> 0 | AL34: =Saisie!AB34 -> 0 | AM34: =Saisie!AC34 -> 0 | AN34: =Saisie!AD34 -> 0 | ... AP34: =Saisie!AF34 -> 0 | AQ34: {=_xlfn.IFS(Saisie!AG34="OUI",1,Saisie!AG34="NON",0)} -> #N/A | AR34: {=_xlfn.IFS(Saisie!AH34="OUI",1,Saisie!AH34="NON",0)} -> #N/A | AS34: =Saisie!AI34 -> 0 | AT34: {=_xlfn.IFS(Saisie!AJ34="OUI",1,Saisie!AJ34="NON",0)} -> #N/A | AU34: =Saisie!AK34 -> 0 | AV34: {=_xlfn.IFS(Saisie!AL34="OUI",1,Saisie!AL34="NON",0)} -> #N/A | AW34: =Saisie!AM34 -> 0 | AX34: =Saisie!AN34 -> 0 | AY34: =Saisie!AO34 -> 0 | AZ34: =Saisie!AP34 -> 0 | BA34: =Saisie!AQ34 -> 0 | BB34: =Saisie!AR34 -> 0 | BC34: =Saisie!AS34 -> 0 | BD34: =Saisie!AT34 -> 0 | BE34: {=_xlfn.IFS(Saisie!AU34="OUI",1,Saisie!AU34="NON",0)} -> #N/A | BF34: =Saisie!AV34 -> 0 | BG34: =Saisie!AW34 -> 0 | BH34: {=_xlfn.IFS(Saisie!AX34="OUI",1,Saisie!AX34="NON",0)} -> #N/A | BI34: =Saisie!AY34 -> 0 | BJ34: {=_xlfn.IFS(Saisie!AZ34="OUI",1,Saisie!AZ34="NON",0)} -> #N/A | BK34: {=_xlfn.IFS(Saisie!BA34="OUI",1,Saisie!BA34="NON",0)} -> #N/A | BL34: =Saisie!BB34 -> 0 | BM34: =Saisie!BC34 -> #REF!
A35: 29 | B35: =Saisie!B35 -> 0 | C35: =Saisie!C35 -> 0 | D35: =Saisie!D35 -> 0 | E35: =Saisie!E35 -> 0 | F35: =Saisie!F35 -> 0 | G35: =Saisie!G35 -> 0 | H35: =Saisie!I35 -> 0 | I35: =Saisie!J35 -> 0 | J35: =Saisie!K35 -> 0 | K35: =Saisie!L35 -> 0 | L35: =Saisie!#REF! -> #REF! | M35: {=_xlfn.IFS(Saisie!M35="OUI",1,Saisie!M35="NON",0)} -> #N/A | N35: =Saisie!#REF! -> #REF! | O35: =Saisie!#REF! -> #REF! | P35: =Saisie!N35 -> 0 | Q35: {=_xlfn.IFS(Saisie!#REF!="OUI",1,Saisie!#REF!="NON",0)} -> #REF! | R35: =Saisie!#REF! -> #REF! | S35: =Saisie!#REF! -> #REF! | T35: =Saisie!#REF! -> #REF! | U35: =Saisie!#REF! -> #REF! | V35: {=_xlfn.IFS(Saisie!#REF!="OUI",1,Saisie!#REF!="NON",0)} -> #REF! | W35: {=_xlfn.IFS(Saisie!O35="OUI",1,Saisie!O35="NON",0)} -> #N/A | X35: =Saisie!P35 -> 0 | Y35: =Saisie!H35 -> 0 | Z35: =Saisie!#REF! -> #REF! | AA35: =Saisie!Q35 -> 0 | AB35: {=_xlfn.IFS(Saisie!R35="OUI",1,Saisie!R35="NON",0)} -> #N/A | AC35: =Saisie!S35 -> 0 | AD35: {=_xlfn.IFS(Saisie!T35="OUI",1,Saisie!T35="NON",0)} -> #N/A | AE35: =Saisie!U35 -> 0 | AF35: 3 | AG35: =Saisie!W35 -> 0 | AH35: =Saisie!X35 -> 0 | AI35: =Saisie!Y35 -> 0 | AJ35: =Saisie!Z35 -> 0 | AK35: =Saisie!AA35 -> 0 | AL35: =Saisie!AB35 -> 0 | AM35: =Saisie!AC35 -> 0 | AN35: =Saisie!AD35 -> 0 | ... AP35: =Saisie!AF35 -> 0 | AQ35: {=_xlfn.IFS(Saisie!AG35="OUI",1,Saisie!AG35="NON",0)} -> #N/A | AR35: {=_xlfn.IFS(Saisie!AH35="OUI",1,Saisie!AH35="NON",0)} -> #N/A | AS35: =Saisie!AI35 -> 0 | AT35: {=_xlfn.IFS(Saisie!AJ35="OUI",1,Saisie!AJ35="NON",0)} -> #N/A | AU35: =Saisie!AK35 -> 0 | AV35: {=_xlfn.IFS(Saisie!AL35="OUI",1,Saisie!AL35="NON",0)} -> #N/A | AW35: =Saisie!AM35 -> 0 | AX35: =Saisie!AN35 -> 0 | AY35: =Saisie!AO35 -> 0 | AZ35: =Saisie!AP35 -> 0 | BA35: =Saisie!AQ35 -> 0 | BB35: =Saisie!AR35 -> 0 | BC35: =Saisie!AS35 -> 0 | BD35: =Saisie!AT35 -> 0 | BE35: {=_xlfn.IFS(Saisie!AU35="OUI",1,Saisie!AU35="NON",0)} -> #N/A | BF35: =Saisie!AV35 -> 0 | BG35: =Saisie!AW35 -> 0 | BH35: {=_xlfn.IFS(Saisie!AX35="OUI",1,Saisie!AX35="NON",0)} -> #N/A | BI35: =Saisie!AY35 -> 0 | BJ35: {=_xlfn.IFS(Saisie!AZ35="OUI",1,Saisie!AZ35="NON",0)} -> #N/A | BK35: {=_xlfn.IFS(Saisie!BA35="OUI",1,Saisie!BA35="NON",0)} -> #N/A | BL35: =Saisie!BB35 -> 0 | BM35: =Saisie!BC35 -> #REF!
A36: 30 | B36: =Saisie!B36 -> 0 | C36: =Saisie!C36 -> 0 | D36: =Saisie!D36 -> 0 | E36: =Saisie!E36 -> 0 | F36: =Saisie!F36 -> 0 | G36: =Saisie!G36 -> 0 | H36: =Saisie!I36 -> 0 | I36: =Saisie!J36 -> 0 | J36: =Saisie!K36 -> 0 | K36: =Saisie!L36 -> 0 | L36: =Saisie!#REF! -> #REF! | M36: {=_xlfn.IFS(Saisie!M36="OUI",1,Saisie!M36="NON",0)} -> #N/A | N36: =Saisie!#REF! -> #REF! | O36: =Saisie!#REF! -> #REF! | P36: =Saisie!N36 -> 0 | Q36: {=_xlfn.IFS(Saisie!#REF!="OUI",1,Saisie!#REF!="NON",0)} -> #REF! | R36: =Saisie!#REF! -> #REF! | S36: =Saisie!#REF! -> #REF! | T36: =Saisie!#REF! -> #REF! | U36: =Saisie!#REF! -> #REF! | V36: {=_xlfn.IFS(Saisie!#REF!="OUI",1,Saisie!#REF!="NON",0)} -> #REF! | W36: {=_xlfn.IFS(Saisie!O36="OUI",1,Saisie!O36="NON",0)} -> #N/A | X36: =Saisie!P36 -> 0 | Y36: =Saisie!H36 -> 0 | Z36: =Saisie!#REF! -> #REF! | AA36: =Saisie!Q36 -> 0 | AB36: {=_xlfn.IFS(Saisie!R36="OUI",1,Saisie!R36="NON",0)} -> #N/A | AC36: =Saisie!S36 -> 0 | AD36: {=_xlfn.IFS(Saisie!T36="OUI",1,Saisie!T36="NON",0)} -> #N/A | AE36: =Saisie!U36 -> 0 | AF36: 3 | AG36: =Saisie!W36 -> 0 | AH36: =Saisie!X36 -> 0 | AI36: =Saisie!Y36 -> 0 | AJ36: =Saisie!Z36 -> 0 | AK36: =Saisie!AA36 -> 0 | AL36: =Saisie!AB36 -> 0 | AM36: =Saisie!AC36 -> 0 | AN36: =Saisie!AD36 -> 0 | ... AP36: =Saisie!AF36 -> 0 | AQ36: {=_xlfn.IFS(Saisie!AG36="OUI",1,Saisie!AG36="NON",0)} -> #N/A | AR36: {=_xlfn.IFS(Saisie!AH36="OUI",1,Saisie!AH36="NON",0)} -> #N/A | AS36: =Saisie!AI36 -> 0 | AT36: {=_xlfn.IFS(Saisie!AJ36="OUI",1,Saisie!AJ36="NON",0)} -> #N/A | AU36: =Saisie!AK36 -> 0 | AV36: {=_xlfn.IFS(Saisie!AL36="OUI",1,Saisie!AL36="NON",0)} -> #N/A | AW36: =Saisie!AM36 -> 0 | AX36: =Saisie!AN36 -> 0 | AY36: =Saisie!AO36 -> 0 | AZ36: =Saisie!AP36 -> 0 | BA36: =Saisie!AQ36 -> 0 | BB36: =Saisie!AR36 -> 0 | BC36: =Saisie!AS36 -> 0 | BD36: =Saisie!AT36 -> 0 | BE36: {=_xlfn.IFS(Saisie!AU36="OUI",1,Saisie!AU36="NON",0)} -> #N/A | BF36: =Saisie!AV36 -> 0 | BG36: =Saisie!AW36 -> 0 | BH36: {=_xlfn.IFS(Saisie!AX36="OUI",1,Saisie!AX36="NON",0)} -> #N/A | BI36: =Saisie!AY36 -> 0 | BJ36: {=_xlfn.IFS(Saisie!AZ36="OUI",1,Saisie!AZ36="NON",0)} -> #N/A | BK36: {=_xlfn.IFS(Saisie!BA36="OUI",1,Saisie!BA36="NON",0)} -> #N/A | BL36: =Saisie!BB36 -> 0 | BM36: =Saisie!BC36 -> #REF!
A37: 31 | B37: =Saisie!B37 -> 0 | C37: =Saisie!C37 -> 0 | D37: =Saisie!D37 -> 0 | E37: =Saisie!E37 -> 0 | F37: =Saisie!F37 -> 0 | G37: =Saisie!G37 -> 0 | H37: =Saisie!I37 -> 0 | I37: =Saisie!J37 -> 0 | J37: =Saisie!K37 -> 0 | K37: =Saisie!L37 -> 0 | L37: =Saisie!#REF! -> #REF! | M37: {=_xlfn.IFS(Saisie!M37="OUI",1,Saisie!M37="NON",0)} -> #N/A | N37: =Saisie!#REF! -> #REF! | O37: =Saisie!#REF! -> #REF! | P37: =Saisie!N37 -> 0 | Q37: {=_xlfn.IFS(Saisie!#REF!="OUI",1,Saisie!#REF!="NON",0)} -> #REF! | R37: =Saisie!#REF! -> #REF! | S37: =Saisie!#REF! -> #REF! | T37: =Saisie!#REF! -> #REF! | U37: =Saisie!#REF! -> #REF! | V37: {=_xlfn.IFS(Saisie!#REF!="OUI",1,Saisie!#REF!="NON",0)} -> #REF! | W37: {=_xlfn.IFS(Saisie!O37="OUI",1,Saisie!O37="NON",0)} -> #N/A | X37: =Saisie!P37 -> 0 | Y37: =Saisie!H37 -> 0 | Z37: =Saisie!#REF! -> #REF! | AA37: =Saisie!Q37 -> 0 | AB37: {=_xlfn.IFS(Saisie!R37="OUI",1,Saisie!R37="NON",0)} -> #N/A | AC37: =Saisie!S37 -> 0 | AD37: {=_xlfn.IFS(Saisie!T37="OUI",1,Saisie!T37="NON",0)} -> #N/A | AE37: =Saisie!U37 -> 0 | AF37: 3 | AG37: =Saisie!W37 -> 0 | AH37: =Saisie!X37 -> 0 | AI37: =Saisie!Y37 -> 0 | AJ37: =Saisie!Z37 -> 0 | AK37: =Saisie!AA37 -> 0 | AL37: =Saisie!AB37 -> 0 | AM37: =Saisie!AC37 -> 0 | AN37: =Saisie!AD37 -> 0 | ... AP37: =Saisie!AF37 -> 0 | AQ37: {=_xlfn.IFS(Saisie!AG37="OUI",1,Saisie!AG37="NON",0)} -> #N/A | AR37: {=_xlfn.IFS(Saisie!AH37="OUI",1,Saisie!AH37="NON",0)} -> #N/A | AS37: =Saisie!AI37 -> 0 | AT37: {=_xlfn.IFS(Saisie!AJ37="OUI",1,Saisie!AJ37="NON",0)} -> #N/A | AU37: =Saisie!AK37 -> 0 | AV37: {=_xlfn.IFS(Saisie!AL37="OUI",1,Saisie!AL37="NON",0)} -> #N/A | AW37: =Saisie!AM37 -> 0 | AX37: =Saisie!AN37 -> 0 | AY37: =Saisie!AO37 -> 0 | AZ37: =Saisie!AP37 -> 0 | BA37: =Saisie!AQ37 -> 0 | BB37: =Saisie!AR37 -> 0 | BC37: =Saisie!AS37 -> 0 | BD37: =Saisie!AT37 -> 0 | BE37: {=_xlfn.IFS(Saisie!AU37="OUI",1,Saisie!AU37="NON",0)} -> #N/A | BF37: =Saisie!AV37 -> 0 | BG37: =Saisie!AW37 -> 0 | BH37: {=_xlfn.IFS(Saisie!AX37="OUI",1,Saisie!AX37="NON",0)} -> #N/A | BI37: =Saisie!AY37 -> 0 | BJ37: {=_xlfn.IFS(Saisie!AZ37="OUI",1,Saisie!AZ37="NON",0)} -> #N/A | BK37: {=_xlfn.IFS(Saisie!BA37="OUI",1,Saisie!BA37="NON",0)} -> #N/A | BL37: =Saisie!BB37 -> 0 | BM37: =Saisie!BC37 -> #REF!
... A117: 111 | B117: =Saisie!B117 -> 0 | C117: =Saisie!C117 -> 0 | D117: =Saisie!D117 -> 0 | E117: =Saisie!E117 -> 0 | F117: =Saisie!F117 -> 0 | G117: =Saisie!G117 -> 0 | H117: =Saisie!I117 -> 0 | I117: =Saisie!J117 -> 0 | J117: =Saisie!K117 -> 0 | K117: =Saisie!L117 -> 0 | L117: =Saisie!#REF! -> #REF! | M117: {=_xlfn.IFS(Saisie!M117="OUI",1,Saisie!M117="NON",0)} -> #N/A | N117: =Saisie!#REF! -> #REF! | O117: =Saisie!#REF! -> #REF! | P117: =Saisie!N117 -> 0 | Q117: {=_xlfn.IFS(Saisie!#REF!="OUI",1,Saisie!#REF!="NON",0)} -> #REF! | R117: =Saisie!#REF! -> #REF! | S117: =Saisie!#REF! -> #REF! | T117: =Saisie!#REF! -> #REF! | U117: =Saisie!#REF! -> #REF! | V117: {=_xlfn.IFS(Saisie!#REF!="OUI",1,Saisie!#REF!="NON",0)} -> #REF! | W117: {=_xlfn.IFS(Saisie!O117="OUI",1,Saisie!O117="NON",0)} -> #N/A | X117: =Saisie!P117 -> 0 | Y117: =Saisie!H117 -> 0 | Z117: =Saisie!#REF! -> #REF! | AA117: =Saisie!Q117 -> 0 | AB117: {=_xlfn.IFS(Saisie!R117="OUI",1,Saisie!R117="NON",0)} -> #N/A | AC117: =Saisie!S117 -> 0 | AD117: {=_xlfn.IFS(Saisie!T117="OUI",1,Saisie!T117="NON",0)} -> #N/A | AE117: =Saisie!U117 -> 0 | AF117: 3 | AG117: =Saisie!W117 -> 0 | AH117: =Saisie!X117 -> 0 | AI117: =Saisie!Y117 -> 0 | AJ117: =Saisie!Z117 -> 0 | AK117: =Saisie!AA117 -> 0 | AL117: =Saisie!AB117 -> 0 | AM117: =Saisie!AC117 -> 0 | AN117: =Saisie!AD117 -> 0 | ... AP117: =Saisie!AF117 -> 0 | AQ117: {=_xlfn.IFS(Saisie!AG117="OUI",1,Saisie!AG117="NON",0)} -> #N/A | AR117: {=_xlfn.IFS(Saisie!AH117="OUI",1,Saisie!AH117="NON",0)} -> #N/A | AS117: =Saisie!AI117 -> 0 | AT117: {=_xlfn.IFS(Saisie!AJ117="OUI",1,Saisie!AJ117="NON",0)} -> #N/A | AU117: =Saisie!AK117 -> 0 | AV117: {=_xlfn.IFS(Saisie!AL117="OUI",1,Saisie!AL117="NON",0)} -> #N/A | AW117: =Saisie!AM117 -> 0 | AX117: =Saisie!AN117 -> 0 | AY117: =Saisie!AO117 -> 0 | AZ117: =Saisie!AP117 -> 0 | BA117: =Saisie!AQ117 -> 0 | BB117: =Saisie!AR117 -> 0 | BC117: =Saisie!AS117 -> 0 | BD117: =Saisie!AT117 -> 0 | BE117: {=_xlfn.IFS(Saisie!AU117="OUI",1,Saisie!AU117="NON",0)} -> #N/A | BF117: =Saisie!AV117 -> 0 | BG117: =Saisie!AW117 -> 0 | BH117: {=_xlfn.IFS(Saisie!AX117="OUI",1,Saisie!AX117="NON",0)} -> #N/A | BI117: =Saisie!AY117 -> 0 | BJ117: {=_xlfn.IFS(Saisie!AZ117="OUI",1,Saisie!AZ117="NON",0)} -> #N/A | BK117: {=_xlfn.IFS(Saisie!BA117="OUI",1,Saisie!BA117="NON",0)} -> #N/A | BL117: =Saisie!BB117 -> 0 | BM117: =Saisie!BC117 -> #REF!
A118: 112 | B118: =Saisie!B118 -> 0 | C118: =Saisie!C118 -> 0 | D118: =Saisie!D118 -> 0 | E118: =Saisie!E118 -> 0 | F118: =Saisie!F118 -> 0 | G118: =Saisie!G118 -> 0 | H118: =Saisie!I118 -> 0 | I118: =Saisie!J118 -> 0 | J118: =Saisie!K118 -> 0 | K118: =Saisie!L118 -> 0 | L118: =Saisie!#REF! -> #REF! | M118: {=_xlfn.IFS(Saisie!M118="OUI",1,Saisie!M118="NON",0)} -> #N/A | N118: =Saisie!#REF! -> #REF! | O118: =Saisie!#REF! -> #REF! | P118: =Saisie!N118 -> 0 | Q118: {=_xlfn.IFS(Saisie!#REF!="OUI",1,Saisie!#REF!="NON",0)} -> #REF! | R118: =Saisie!#REF! -> #REF! | S118: =Saisie!#REF! -> #REF! | T118: =Saisie!#REF! -> #REF! | U118: =Saisie!#REF! -> #REF! | V118: {=_xlfn.IFS(Saisie!#REF!="OUI",1,Saisie!#REF!="NON",0)} -> #REF! | W118: {=_xlfn.IFS(Saisie!O118="OUI",1,Saisie!O118="NON",0)} -> #N/A | X118: =Saisie!P118 -> 0 | Y118: =Saisie!H118 -> 0 | Z118: =Saisie!#REF! -> #REF! | AA118: =Saisie!Q118 -> 0 | AB118: {=_xlfn.IFS(Saisie!R118="OUI",1,Saisie!R118="NON",0)} -> #N/A | AC118: =Saisie!S118 -> 0 | AD118: {=_xlfn.IFS(Saisie!T118="OUI",1,Saisie!T118="NON",0)} -> #N/A | AE118: =Saisie!U118 -> 0 | AG118: =Saisie!W118 -> 0 | AH118: =Saisie!X118 -> 0 | AI118: =Saisie!Y118 -> 0 | AJ118: =Saisie!Z118 -> 0 | AK118: =Saisie!AA118 -> 0 | AL118: =Saisie!AB118 -> 0 | AM118: =Saisie!AC118 -> 0 | AN118: =Saisie!AD118 -> 0 | ... AP118: =Saisie!AF118 -> 0 | AQ118: {=_xlfn.IFS(Saisie!AG118="OUI",1,Saisie!AG118="NON",0)} -> #N/A | AR118: {=_xlfn.IFS(Saisie!AH118="OUI",1,Saisie!AH118="NON",0)} -> #N/A | AS118: =Saisie!AI118 -> 0 | AT118: {=_xlfn.IFS(Saisie!AJ118="OUI",1,Saisie!AJ118="NON",0)} -> #N/A | AU118: =Saisie!AK118 -> 0 | AV118: {=_xlfn.IFS(Saisie!AL118="OUI",1,Saisie!AL118="NON",0)} -> #N/A | AW118: =Saisie!AM118 -> 0 | AX118: =Saisie!AN118 -> 0 | AY118: =Saisie!AO118 -> 0 | AZ118: =Saisie!AP118 -> 0 | BA118: =Saisie!AQ118 -> 0 | BB118: =Saisie!AR118 -> 0 | BC118: =Saisie!AS118 -> 0 | BD118: =Saisie!AT118 -> 0 | BE118: {=_xlfn.IFS(Saisie!AU118="OUI",1,Saisie!AU118="NON",0)} -> #N/A | BF118: =Saisie!AV118 -> 0 | BG118: =Saisie!AW118 -> 0 | BH118: {=_xlfn.IFS(Saisie!AX118="OUI",1,Saisie!AX118="NON",0)} -> #N/A | BI118: =Saisie!AY118 -> 0 | BJ118: {=_xlfn.IFS(Saisie!AZ118="OUI",1,Saisie!AZ118="NON",0)} -> #N/A | BK118: {=_xlfn.IFS(Saisie!BA118="OUI",1,Saisie!BA118="NON",0)} -> #N/A | BL118: =Saisie!BB118 -> 0 | BM118: =Saisie!BC118 -> #REF! | BN118: Dossier incomplet dans l'ensemble
A119: 113 | B119: =Saisie!B119 -> 0 | C119: =Saisie!C119 -> 0 | D119: =Saisie!D119 -> 0 | E119: =Saisie!E119 -> 0 | F119: =Saisie!F119 -> 0 | G119: =Saisie!G119 -> 0 | H119: =Saisie!I119 -> 0 | I119: =Saisie!J119 -> 0 | J119: =Saisie!K119 -> 0 | K119: =Saisie!L119 -> 0 | L119: =Saisie!#REF! -> #REF! | M119: {=_xlfn.IFS(Saisie!M119="OUI",1,Saisie!M119="NON",0)} -> #N/A | N119: =Saisie!#REF! -> #REF! | O119: =Saisie!#REF! -> #REF! | P119: =Saisie!N119 -> 0 | Q119: {=_xlfn.IFS(Saisie!#REF!="OUI",1,Saisie!#REF!="NON",0)} -> #REF! | R119: =Saisie!#REF! -> #REF! | S119: =Saisie!#REF! -> #REF! | T119: =Saisie!#REF! -> #REF! | U119: =Saisie!#REF! -> #REF! | V119: {=_xlfn.IFS(Saisie!#REF!="OUI",1,Saisie!#REF!="NON",0)} -> #REF! | W119: {=_xlfn.IFS(Saisie!O119="OUI",1,Saisie!O119="NON",0)} -> #N/A | X119: =Saisie!P119 -> 0 | Y119: =Saisie!H119 -> 0 | Z119: =Saisie!#REF! -> #REF! | AA119: =Saisie!Q119 -> 0 | AB119: {=_xlfn.IFS(Saisie!R119="OUI",1,Saisie!R119="NON",0)} -> #N/A | AC119: =Saisie!S119 -> 0 | AD119: {=_xlfn.IFS(Saisie!T119="OUI",1,Saisie!T119="NON",0)} -> #N/A | AE119: =Saisie!U119 -> 0 | AG119: =Saisie!W119 -> 0 | AH119: =Saisie!X119 -> 0 | AI119: =Saisie!Y119 -> 0 | AJ119: =Saisie!Z119 -> 0 | AK119: =Saisie!AA119 -> 0 | AL119: =Saisie!AB119 -> 0 | AM119: =Saisie!AC119 -> 0 | AN119: =Saisie!AD119 -> 0 | ... AP119: =Saisie!AF119 -> 0 | AQ119: {=_xlfn.IFS(Saisie!AG119="OUI",1,Saisie!AG119="NON",0)} -> #N/A | AR119: {=_xlfn.IFS(Saisie!AH119="OUI",1,Saisie!AH119="NON",0)} -> #N/A | AS119: =Saisie!AI119 -> 0 | AT119: {=_xlfn.IFS(Saisie!AJ119="OUI",1,Saisie!AJ119="NON",0)} -> #N/A | AU119: =Saisie!AK119 -> 0 | AV119: {=_xlfn.IFS(Saisie!AL119="OUI",1,Saisie!AL119="NON",0)} -> #N/A | AW119: =Saisie!AM119 -> 0 | AX119: =Saisie!AN119 -> 0 | AY119: =Saisie!AO119 -> 0 | AZ119: =Saisie!AP119 -> 0 | BA119: =Saisie!AQ119 -> 0 | BB119: =Saisie!AR119 -> 0 | BC119: =Saisie!AS119 -> 0 | BD119: =Saisie!AT119 -> 0 | BE119: {=_xlfn.IFS(Saisie!AU119="OUI",1,Saisie!AU119="NON",0)} -> #N/A | BF119: =Saisie!AV119 -> 0 | BG119: =Saisie!AW119 -> 0 | BH119: {=_xlfn.IFS(Saisie!AX119="OUI",1,Saisie!AX119="NON",0)} -> #N/A | BI119: =Saisie!AY119 -> 0 | BJ119: {=_xlfn.IFS(Saisie!AZ119="OUI",1,Saisie!AZ119="NON",0)} -> #N/A | BK119: {=_xlfn.IFS(Saisie!BA119="OUI",1,Saisie!BA119="NON",0)} -> #N/A | BL119: =Saisie!BB119 -> 0 | BM119: =Saisie!BC119 -> #REF! | BN119: Dossier incomplet dans l'ensemble
A120: 114 | B120: =Saisie!B120 -> 0 | C120: =Saisie!C120 -> 0 | D120: =Saisie!D120 -> 0 | E120: =Saisie!E120 -> 0 | F120: =Saisie!F120 -> 0 | G120: =Saisie!G120 -> 0 | H120: =Saisie!I120 -> 0 | I120: =Saisie!J120 -> 0 | J120: =Saisie!K120 -> 0 | K120: =Saisie!L120 -> 0 | L120: =Saisie!#REF! -> #REF! | M120: {=_xlfn.IFS(Saisie!M120="OUI",1,Saisie!M120="NON",0)} -> #N/A | N120: =Saisie!#REF! -> #REF! | O120: =Saisie!#REF! -> #REF! | P120: =Saisie!N120 -> 0 | Q120: {=_xlfn.IFS(Saisie!#REF!="OUI",1,Saisie!#REF!="NON",0)} -> #REF! | R120: =Saisie!#REF! -> #REF! | S120: =Saisie!#REF! -> #REF! | T120: =Saisie!#REF! -> #REF! | U120: =Saisie!#REF! -> #REF! | V120: {=_xlfn.IFS(Saisie!#REF!="OUI",1,Saisie!#REF!="NON",0)} -> #REF! | W120: {=_xlfn.IFS(Saisie!O120="OUI",1,Saisie!O120="NON",0)} -> #N/A | X120: =Saisie!P120 -> 0 | Y120: =Saisie!H120 -> 0 | Z120: =Saisie!#REF! -> #REF! | AA120: =Saisie!Q120 -> 0 | AB120: {=_xlfn.IFS(Saisie!R120="OUI",1,Saisie!R120="NON",0)} -> #N/A | AC120: =Saisie!S120 -> 0 | AD120: {=_xlfn.IFS(Saisie!T120="OUI",1,Saisie!T120="NON",0)} -> #N/A | AE120: =Saisie!U120 -> 0 | AF120: 3 | AG120: =Saisie!W120 -> 0 | AH120: =Saisie!X120 -> 0 | AI120: =Saisie!Y120 -> 0 | AJ120: =Saisie!Z120 -> 0 | AK120: =Saisie!AA120 -> 0 | AL120: =Saisie!AB120 -> 0 | AM120: =Saisie!AC120 -> 0 | AN120: =Saisie!AD120 -> 0 | ... AP120: =Saisie!AF120 -> 0 | AQ120: {=_xlfn.IFS(Saisie!AG120="OUI",1,Saisie!AG120="NON",0)} -> #N/A | AR120: {=_xlfn.IFS(Saisie!AH120="OUI",1,Saisie!AH120="NON",0)} -> #N/A | AS120: =Saisie!AI120 -> 0 | AT120: {=_xlfn.IFS(Saisie!AJ120="OUI",1,Saisie!AJ120="NON",0)} -> #N/A | AU120: =Saisie!AK120 -> 0 | AV120: {=_xlfn.IFS(Saisie!AL120="OUI",1,Saisie!AL120="NON",0)} -> #N/A | AW120: =Saisie!AM120 -> 0 | AX120: =Saisie!AN120 -> 0 | AY120: =Saisie!AO120 -> 0 | AZ120: =Saisie!AP120 -> 0 | BA120: =Saisie!AQ120 -> 0 | BB120: =Saisie!AR120 -> 0 | BC120: =Saisie!AS120 -> 0 | BD120: =Saisie!AT120 -> 0 | BE120: {=_xlfn.IFS(Saisie!AU120="OUI",1,Saisie!AU120="NON",0)} -> #N/A | BF120: =Saisie!AV120 -> 0 | BG120: =Saisie!AW120 -> 0 | BH120: {=_xlfn.IFS(Saisie!AX120="OUI",1,Saisie!AX120="NON",0)} -> #N/A | BI120: =Saisie!AY120 -> 0 | BJ120: {=_xlfn.IFS(Saisie!AZ120="OUI",1,Saisie!AZ120="NON",0)} -> #N/A | BK120: {=_xlfn.IFS(Saisie!BA120="OUI",1,Saisie!BA120="NON",0)} -> #N/A | BL120: =Saisie!BB120 -> 0 | BM120: =Saisie!BC120 -> #REF! | BN120: Dossier incomplet dans l'ensemble
A121: 115 | B121: =Saisie!B121 -> 0 | C121: =Saisie!C121 -> 0 | D121: =Saisie!D121 -> 0 | E121: =Saisie!E121 -> 0 | F121: =Saisie!F121 -> 0 | G121: =Saisie!G121 -> 0 | H121: =Saisie!I121 -> 0 | I121: =Saisie!J121 -> 0 | J121: =Saisie!K121 -> 0 | K121: =Saisie!L121 -> 0 | L121: =Saisie!#REF! -> #REF! | M121: {=_xlfn.IFS(Saisie!M121="OUI",1,Saisie!M121="NON",0)} -> #N/A | N121: =Saisie!#REF! -> #REF! | O121: =Saisie!#REF! -> #REF! | P121: =Saisie!N121 -> 0 | Q121: {=_xlfn.IFS(Saisie!#REF!="OUI",1,Saisie!#REF!="NON",0)} -> #REF! | R121: =Saisie!#REF! -> #REF! | S121: =Saisie!#REF! -> #REF! | T121: =Saisie!#REF! -> #REF! | U121: =Saisie!#REF! -> #REF! | V121: {=_xlfn.IFS(Saisie!#REF!="OUI",1,Saisie!#REF!="NON",0)} -> #REF! | W121: {=_xlfn.IFS(Saisie!O121="OUI",1,Saisie!O121="NON",0)} -> #N/A | X121: =Saisie!P121 -> 0 | Y121: =Saisie!H121 -> 0 | Z121: =Saisie!#REF! -> #REF! | AA121: =Saisie!Q121 -> 0 | AB121: {=_xlfn.IFS(Saisie!R121="OUI",1,Saisie!R121="NON",0)} -> #N/A | AC121: =Saisie!S121 -> 0 | AD121: {=_xlfn.IFS(Saisie!T121="OUI",1,Saisie!T121="NON",0)} -> #N/A | AE121: =Saisie!U121 -> 0 | AF121: 3 | AG121: =Saisie!W121 -> 0 | AH121: =Saisie!X121 -> 0 | AI121: =Saisie!Y121 -> 0 | AJ121: =Saisie!Z121 -> 0 | AK121: =Saisie!AA121 -> 0 | AL121: =Saisie!AB121 -> 0 | AM121: =Saisie!AC121 -> 0 | AN121: =Saisie!AD121 -> 0 | ... AP121: =Saisie!AF121 -> 0 | AQ121: {=_xlfn.IFS(Saisie!AG121="OUI",1,Saisie!AG121="NON",0)} -> #N/A | AR121: {=_xlfn.IFS(Saisie!AH121="OUI",1,Saisie!AH121="NON",0)} -> #N/A | AS121: =Saisie!AI121 -> 0 | AT121: {=_xlfn.IFS(Saisie!AJ121="OUI",1,Saisie!AJ121="NON",0)} -> #N/A | AU121: =Saisie!AK121 -> 0 | AV121: {=_xlfn.IFS(Saisie!AL121="OUI",1,Saisie!AL121="NON",0)} -> #N/A | AW121: =Saisie!AM121 -> 0 | AX121: =Saisie!AN121 -> 0 | AY121: =Saisie!AO121 -> 0 | AZ121: =Saisie!AP121 -> 0 | BA121: =Saisie!AQ121 -> 0 | BB121: =Saisie!AR121 -> 0 | BC121: =Saisie!AS121 -> 0 | BD121: =Saisie!AT121 -> 0 | BE121: {=_xlfn.IFS(Saisie!AU121="OUI",1,Saisie!AU121="NON",0)} -> #N/A | BF121: =Saisie!AV121 -> 0 | BG121: =Saisie!AW121 -> 0 | BH121: {=_xlfn.IFS(Saisie!AX121="OUI",1,Saisie!AX121="NON",0)} -> #N/A | BI121: =Saisie!AY121 -> 0 | BJ121: {=_xlfn.IFS(Saisie!AZ121="OUI",1,Saisie!AZ121="NON",0)} -> #N/A | BK121: {=_xlfn.IFS(Saisie!BA121="OUI",1,Saisie!BA121="NON",0)} -> #N/A | BL121: =Saisie!BB121 -> 0 | BM121: =Saisie!BC121 -> #REF! | BN121: Dossier incomplet dans l'ensemble
A122: 116 | B122: =Saisie!B122 -> 0 | C122: =Saisie!C122 -> 0 | D122: =Saisie!D122 -> 0 | E122: =Saisie!E122 -> 0 | F122: =Saisie!F122 -> 0 | G122: =Saisie!G122 -> 0 | H122: =Saisie!I122 -> 0 | I122: =Saisie!J122 -> 0 | J122: =Saisie!K122 -> 0 | K122: =Saisie!L122 -> 0 | L122: =Saisie!#REF! -> #REF! | M122: {=_xlfn.IFS(Saisie!M122="OUI",1,Saisie!M122="NON",0)} -> #N/A | N122: =Saisie!#REF! -> #REF! | O122: =Saisie!#REF! -> #REF! | P122: =Saisie!N122 -> 0 | Q122: {=_xlfn.IFS(Saisie!#REF!="OUI",1,Saisie!#REF!="NON",0)} -> #REF! | R122: =Saisie!#REF! -> #REF! | S122: =Saisie!#REF! -> #REF! | T122: =Saisie!#REF! -> #REF! | U122: =Saisie!#REF! -> #REF! | V122: {=_xlfn.IFS(Saisie!#REF!="OUI",1,Saisie!#REF!="NON",0)} -> #REF! | W122: {=_xlfn.IFS(Saisie!O122="OUI",1,Saisie!O122="NON",0)} -> #N/A | X122: =Saisie!P122 -> 0 | Y122: =Saisie!H122 -> 0 | Z122: =Saisie!#REF! -> #REF! | AA122: =Saisie!Q122 -> 0 | AB122: {=_xlfn.IFS(Saisie!R122="OUI",1,Saisie!R122="NON",0)} -> #N/A | AC122: =Saisie!S122 -> 0 | AD122: {=_xlfn.IFS(Saisie!T122="OUI",1,Saisie!T122="NON",0)} -> #N/A | AE122: =Saisie!U122 -> 0 | AF122: 3 | AG122: =Saisie!W122 -> 0 | AH122: =Saisie!X122 -> 0 | AI122: =Saisie!Y122 -> 0 | AJ122: =Saisie!Z122 -> 0 | AK122: =Saisie!AA122 -> 0 | AL122: =Saisie!AB122 -> 0 | AM122: =Saisie!AC122 -> 0 | AN122: =Saisie!AD122 -> 0 | ... AP122: =Saisie!AF122 -> 0 | AQ122: {=_xlfn.IFS(Saisie!AG122="OUI",1,Saisie!AG122="NON",0)} -> #N/A | AR122: {=_xlfn.IFS(Saisie!AH122="OUI",1,Saisie!AH122="NON",0)} -> #N/A | AS122: =Saisie!AI122 -> 0 | AT122: {=_xlfn.IFS(Saisie!AJ122="OUI",1,Saisie!AJ122="NON",0)} -> #N/A | AU122: =Saisie!AK122 -> 0 | AV122: {=_xlfn.IFS(Saisie!AL122="OUI",1,Saisie!AL122="NON",0)} -> #N/A | AW122: =Saisie!AM122 -> 0 | AX122: =Saisie!AN122 -> 0 | AY122: =Saisie!AO122 -> 0 | AZ122: =Saisie!AP122 -> 0 | BA122: =Saisie!AQ122 -> 0 | BB122: =Saisie!AR122 -> 0 | BC122: =Saisie!AS122 -> 0 | BD122: =Saisie!AT122 -> 0 | BE122: {=_xlfn.IFS(Saisie!AU122="OUI",1,Saisie!AU122="NON",0)} -> #N/A | BF122: =Saisie!AV122 -> 0 | BG122: =Saisie!AW122 -> 0 | BH122: {=_xlfn.IFS(Saisie!AX122="OUI",1,Saisie!AX122="NON",0)} -> #N/A | BI122: =Saisie!AY122 -> 0 | BJ122: {=_xlfn.IFS(Saisie!AZ122="OUI",1,Saisie!AZ122="NON",0)} -> #N/A | BK122: {=_xlfn.IFS(Saisie!BA122="OUI",1,Saisie!BA122="NON",0)} -> #N/A | BL122: =Saisie!BB122 -> 0 | BM122: =Saisie!BC122 -> #REF! | BN122: Dossier incomplet dans l'ensemble
A123: 117 | B123: =Saisie!B123 -> 0 | C123: =Saisie!C123 -> 0 | D123: =Saisie!D123 -> 0 | E123: =Saisie!E123 -> 0 | F123: =Saisie!F123 -> 0 | G123: =Saisie!G123 -> 0 | H123: =Saisie!I123 -> 0 | I123: =Saisie!J123 -> 0 | J123: =Saisie!K123 -> 0 | K123: =Saisie!L123 -> 0 | L123: =Saisie!#REF! -> #REF! | M123: {=_xlfn.IFS(Saisie!M123="OUI",1,Saisie!M123="NON",0)} -> #N/A | N123: =Saisie!#REF! -> #REF! | O123: =Saisie!#REF! -> #REF! | P123: =Saisie!N123 -> 0 | Q123: {=_xlfn.IFS(Saisie!#REF!="OUI",1,Saisie!#REF!="NON",0)} -> #REF! | R123: =Saisie!#REF! -> #REF! | S123: =Saisie!#REF! -> #REF! | T123: =Saisie!#REF! -> #REF! | U123: =Saisie!#REF! -> #REF! | V123: {=_xlfn.IFS(Saisie!#REF!="OUI",1,Saisie!#REF!="NON",0)} -> #REF! | W123: {=_xlfn.IFS(Saisie!O123="OUI",1,Saisie!O123="NON",0)} -> #N/A | X123: =Saisie!P123 -> 0 | Y123: =Saisie!H123 -> 0 | Z123: =Saisie!#REF! -> #REF! | AA123: =Saisie!Q123 -> 0 | AB123: {=_xlfn.IFS(Saisie!R123="OUI",1,Saisie!R123="NON",0)} -> #N/A | AC123: =Saisie!S123 -> 0 | AD123: {=_xlfn.IFS(Saisie!T123="OUI",1,Saisie!T123="NON",0)} -> #N/A | AE123: =Saisie!U123 -> 0 | AF123: 3 | AG123: =Saisie!W123 -> 0 | AH123: =Saisie!X123 -> 0 | AI123: =Saisie!Y123 -> 0 | AJ123: =Saisie!Z123 -> 0 | AK123: =Saisie!AA123 -> 0 | AL123: =Saisie!AB123 -> 0 | AM123: =Saisie!AC123 -> 0 | AN123: =Saisie!AD123 -> 0 | ... AP123: =Saisie!AF123 -> 0 | AQ123: {=_xlfn.IFS(Saisie!AG123="OUI",1,Saisie!AG123="NON",0)} -> #N/A | AR123: {=_xlfn.IFS(Saisie!AH123="OUI",1,Saisie!AH123="NON",0)} -> #N/A | AS123: =Saisie!AI123 -> 0 | AT123: {=_xlfn.IFS(Saisie!AJ123="OUI",1,Saisie!AJ123="NON",0)} -> #N/A | AU123: =Saisie!AK123 -> 0 | AV123: {=_xlfn.IFS(Saisie!AL123="OUI",1,Saisie!AL123="NON",0)} -> #N/A | AW123: =Saisie!AM123 -> 0 | AX123: =Saisie!AN123 -> 0 | AY123: =Saisie!AO123 -> 0 | AZ123: =Saisie!AP123 -> 0 | BA123: =Saisie!AQ123 -> 0 | BB123: =Saisie!AR123 -> 0 | BC123: =Saisie!AS123 -> 0 | BD123: =Saisie!AT123 -> 0 | BE123: {=_xlfn.IFS(Saisie!AU123="OUI",1,Saisie!AU123="NON",0)} -> #N/A | BF123: =Saisie!AV123 -> 0 | BG123: =Saisie!AW123 -> 0 | BH123: {=_xlfn.IFS(Saisie!AX123="OUI",1,Saisie!AX123="NON",0)} -> #N/A | BI123: =Saisie!AY123 -> 0 | BJ123: {=_xlfn.IFS(Saisie!AZ123="OUI",1,Saisie!AZ123="NON",0)} -> #N/A | BK123: {=_xlfn.IFS(Saisie!BA123="OUI",1,Saisie!BA123="NON",0)} -> #N/A | BL123: =Saisie!BB123 -> 0 | BM123: =Saisie!BC123 -> #REF! | BN123: Dossier incomplet dans l'ensemble
A124: 118 | B124: =Saisie!B124 -> 0 | C124: =Saisie!C124 -> 0 | D124: =Saisie!D124 -> 0 | E124: =Saisie!E124 -> 0 | F124: =Saisie!F124 -> 0 | G124: =Saisie!G124 -> 0 | H124: =Saisie!I124 -> 0 | I124: =Saisie!J124 -> 0 | J124: =Saisie!K124 -> 0 | K124: =Saisie!L124 -> 0 | L124: =Saisie!#REF! -> #REF! | M124: {=_xlfn.IFS(Saisie!M124="OUI",1,Saisie!M124="NON",0)} -> #N/A | N124: =Saisie!#REF! -> #REF! | O124: =Saisie!#REF! -> #REF! | P124: =Saisie!N124 -> 0 | Q124: {=_xlfn.IFS(Saisie!#REF!="OUI",1,Saisie!#REF!="NON",0)} -> #REF! | R124: =Saisie!#REF! -> #REF! | S124: =Saisie!#REF! -> #REF! | T124: =Saisie!#REF! -> #REF! | U124: =Saisie!#REF! -> #REF! | V124: {=_xlfn.IFS(Saisie!#REF!="OUI",1,Saisie!#REF!="NON",0)} -> #REF! | W124: {=_xlfn.IFS(Saisie!O124="OUI",1,Saisie!O124="NON",0)} -> #N/A | X124: =Saisie!P124 -> 0 | Y124: =Saisie!H124 -> 0 | Z124: =Saisie!#REF! -> #REF! | AA124: =Saisie!Q124 -> 0 | AB124: {=_xlfn.IFS(Saisie!R124="OUI",1,Saisie!R124="NON",0)} -> #N/A | AC124: =Saisie!S124 -> 0 | AD124: {=_xlfn.IFS(Saisie!T124="OUI",1,Saisie!T124="NON",0)} -> #N/A | AE124: =Saisie!U124 -> 0 | AF124: 3 | AG124: =Saisie!W124 -> 0 | AH124: =Saisie!X124 -> 0 | AI124: =Saisie!Y124 -> 0 | AJ124: =Saisie!Z124 -> 0 | AK124: =Saisie!AA124 -> 0 | AL124: =Saisie!AB124 -> 0 | AM124: =Saisie!AC124 -> 0 | AN124: =Saisie!AD124 -> 0 | ... AP124: =Saisie!AF124 -> 0 | AQ124: {=_xlfn.IFS(Saisie!AG124="OUI",1,Saisie!AG124="NON",0)} -> #N/A | AR124: {=_xlfn.IFS(Saisie!AH124="OUI",1,Saisie!AH124="NON",0)} -> #N/A | AS124: =Saisie!AI124 -> 0 | AT124: {=_xlfn.IFS(Saisie!AJ124="OUI",1,Saisie!AJ124="NON",0)} -> #N/A | AU124: =Saisie!AK124 -> 0 | AV124: {=_xlfn.IFS(Saisie!AL124="OUI",1,Saisie!AL124="NON",0)} -> #N/A | AW124: =Saisie!AM124 -> 0 | AX124: =Saisie!AN124 -> 0 | AY124: =Saisie!AO124 -> 0 | AZ124: =Saisie!AP124 -> 0 | BA124: =Saisie!AQ124 -> 0 | BB124: =Saisie!AR124 -> 0 | BC124: =Saisie!AS124 -> 0 | BD124: =Saisie!AT124 -> 0 | BE124: {=_xlfn.IFS(Saisie!AU124="OUI",1,Saisie!AU124="NON",0)} -> #N/A | BF124: =Saisie!AV124 -> 0 | BG124: =Saisie!AW124 -> 0 | BH124: {=_xlfn.IFS(Saisie!AX124="OUI",1,Saisie!AX124="NON",0)} -> #N/A | BI124: =Saisie!AY124 -> 0 | BJ124: {=_xlfn.IFS(Saisie!AZ124="OUI",1,Saisie!AZ124="NON",0)} -> #N/A | BK124: {=_xlfn.IFS(Saisie!BA124="OUI",1,Saisie!BA124="NON",0)} -> #N/A | BL124: =Saisie!BB124 -> 0 | BM124: =Saisie!BC124 -> #REF!
A125: 119 | B125: =Saisie!B125 -> 0 | C125: =Saisie!C125 -> 0 | D125: =Saisie!D125 -> 0 | E125: =Saisie!E125 -> 0 | F125: =Saisie!F125 -> 0 | G125: =Saisie!G125 -> 0 | H125: =Saisie!I125 -> 0 | I125: =Saisie!J125 -> 0 | J125: =Saisie!K125 -> 0 | K125: =Saisie!L125 -> 0 | L125: =Saisie!#REF! -> #REF! | M125: {=_xlfn.IFS(Saisie!M125="OUI",1,Saisie!M125="NON",0)} -> #N/A | N125: =Saisie!#REF! -> #REF! | O125: =Saisie!#REF! -> #REF! | P125: =Saisie!N125 -> 0 | Q125: {=_xlfn.IFS(Saisie!#REF!="OUI",1,Saisie!#REF!="NON",0)} -> #REF! | R125: =Saisie!#REF! -> #REF! | S125: =Saisie!#REF! -> #REF! | T125: =Saisie!#REF! -> #REF! | U125: =Saisie!#REF! -> #REF! | V125: {=_xlfn.IFS(Saisie!#REF!="OUI",1,Saisie!#REF!="NON",0)} -> #REF! | W125: {=_xlfn.IFS(Saisie!O125="OUI",1,Saisie!O125="NON",0)} -> #N/A | X125: =Saisie!P125 -> 0 | Y125: =Saisie!H125 -> 0 | Z125: =Saisie!#REF! -> #REF! | AA125: =Saisie!Q125 -> 0 | AB125: {=_xlfn.IFS(Saisie!R125="OUI",1,Saisie!R125="NON",0)} -> #N/A | AC125: =Saisie!S125 -> 0 | AD125: {=_xlfn.IFS(Saisie!T125="OUI",1,Saisie!T125="NON",0)} -> #N/A | AE125: =Saisie!U125 -> 0 | AF125: 3 | AG125: =Saisie!W125 -> 0 | AH125: =Saisie!X125 -> 0 | AI125: =Saisie!Y125 -> 0 | AJ125: =Saisie!Z125 -> 0 | AK125: =Saisie!AA125 -> 0 | AL125: =Saisie!AB125 -> 0 | AM125: =Saisie!AC125 -> 0 | AN125: =Saisie!AD125 -> 0 | ... AP125: =Saisie!AF125 -> 0 | AQ125: {=_xlfn.IFS(Saisie!AG125="OUI",1,Saisie!AG125="NON",0)} -> #N/A | AR125: {=_xlfn.IFS(Saisie!AH125="OUI",1,Saisie!AH125="NON",0)} -> #N/A | AS125: =Saisie!AI125 -> 0 | AT125: {=_xlfn.IFS(Saisie!AJ125="OUI",1,Saisie!AJ125="NON",0)} -> #N/A | AU125: =Saisie!AK125 -> 0 | AV125: {=_xlfn.IFS(Saisie!AL125="OUI",1,Saisie!AL125="NON",0)} -> #N/A | AW125: =Saisie!AM125 -> 0 | AX125: =Saisie!AN125 -> 0 | AY125: =Saisie!AO125 -> 0 | AZ125: =Saisie!AP125 -> 0 | BA125: =Saisie!AQ125 -> 0 | BB125: =Saisie!AR125 -> 0 | BC125: =Saisie!AS125 -> 0 | BD125: =Saisie!AT125 -> 0 | BE125: {=_xlfn.IFS(Saisie!AU125="OUI",1,Saisie!AU125="NON",0)} -> #N/A | BF125: =Saisie!AV125 -> 0 | BG125: =Saisie!AW125 -> 0 | BH125: {=_xlfn.IFS(Saisie!AX125="OUI",1,Saisie!AX125="NON",0)} -> #N/A | BI125: =Saisie!AY125 -> 0 | BJ125: {=_xlfn.IFS(Saisie!AZ125="OUI",1,Saisie!AZ125="NON",0)} -> #N/A | BK125: {=_xlfn.IFS(Saisie!BA125="OUI",1,Saisie!BA125="NON",0)} -> #N/A | BL125: =Saisie!BB125 -> 0 | BM125: =Saisie!BC125 -> #REF!
A126: 120 | B126: =Saisie!B126 -> 0 | C126: =Saisie!C126 -> 0 | D126: =Saisie!D126 -> 0 | E126: =Saisie!E126 -> 0 | F126: =Saisie!F126 -> 0 | G126: =Saisie!G126 -> 0 | H126: =Saisie!I126 -> 0 | I126: =Saisie!J126 -> 0 | J126: =Saisie!K126 -> 0 | K126: =Saisie!L126 -> 0 | L126: =Saisie!#REF! -> #REF! | M126: {=_xlfn.IFS(Saisie!M126="OUI",1,Saisie!M126="NON",0)} -> #N/A | N126: =Saisie!#REF! -> #REF! | O126: =Saisie!#REF! -> #REF! | P126: =Saisie!N126 -> 0 | Q126: {=_xlfn.IFS(Saisie!#REF!="OUI",1,Saisie!#REF!="NON",0)} -> #REF! | R126: =Saisie!#REF! -> #REF! | S126: =Saisie!#REF! -> #REF! | T126: =Saisie!#REF! -> #REF! | U126: =Saisie!#REF! -> #REF! | V126: {=_xlfn.IFS(Saisie!#REF!="OUI",1,Saisie!#REF!="NON",0)} -> #REF! | W126: {=_xlfn.IFS(Saisie!O126="OUI",1,Saisie!O126="NON",0)} -> #N/A | X126: =Saisie!P126 -> 0 | Y126: =Saisie!H126 -> 0 | Z126: =Saisie!#REF! -> #REF! | AA126: =Saisie!Q126 -> 0 | AB126: {=_xlfn.IFS(Saisie!R126="OUI",1,Saisie!R126="NON",0)} -> #N/A | AC126: =Saisie!S126 -> 0 | AD126: {=_xlfn.IFS(Saisie!T126="OUI",1,Saisie!T126="NON",0)} -> #N/A | AE126: =Saisie!U126 -> 0 | AF126: 3 | AG126: =Saisie!W126 -> 0 | AH126: =Saisie!X126 -> 0 | AI126: =Saisie!Y126 -> 0 | AJ126: =Saisie!Z126 -> 0 | AK126: =Saisie!AA126 -> 0 | AL126: =Saisie!AB126 -> 0 | AM126: =Saisie!AC126 -> 0 | AN126: =Saisie!AD126 -> 0 | ... AP126: =Saisie!AF126 -> 0 | AQ126: {=_xlfn.IFS(Saisie!AG126="OUI",1,Saisie!AG126="NON",0)} -> #N/A | AR126: {=_xlfn.IFS(Saisie!AH126="OUI",1,Saisie!AH126="NON",0)} -> #N/A | AS126: =Saisie!AI126 -> 0 | AT126: {=_xlfn.IFS(Saisie!AJ126="OUI",1,Saisie!AJ126="NON",0)} -> #N/A | AU126: =Saisie!AK126 -> 0 | AV126: {=_xlfn.IFS(Saisie!AL126="OUI",1,Saisie!AL126="NON",0)} -> #N/A | AW126: =Saisie!AM126 -> 0 | AX126: =Saisie!AN126 -> 0 | AY126: =Saisie!AO126 -> 0 | AZ126: =Saisie!AP126 -> 0 | BA126: =Saisie!AQ126 -> 0 | BB126: =Saisie!AR126 -> 0 | BC126: =Saisie!AS126 -> 0 | BD126: =Saisie!AT126 -> 0 | BE126: {=_xlfn.IFS(Saisie!AU126="OUI",1,Saisie!AU126="NON",0)} -> #N/A | BF126: =Saisie!AV126 -> 0 | BG126: =Saisie!AW126 -> 0 | BH126: {=_xlfn.IFS(Saisie!AX126="OUI",1,Saisie!AX126="NON",0)} -> #N/A | BI126: =Saisie!AY126 -> 0 | BJ126: {=_xlfn.IFS(Saisie!AZ126="OUI",1,Saisie!AZ126="NON",0)} -> #N/A | BK126: {=_xlfn.IFS(Saisie!BA126="OUI",1,Saisie!BA126="NON",0)} -> #N/A | BL126: =Saisie!BB126 -> 0 | BM126: =Saisie!BC126 -> #REF!
A127: 121 | B127: =Saisie!B127 -> 0 | C127: =Saisie!C127 -> 0 | D127: =Saisie!D127 -> 0 | E127: =Saisie!E127 -> 0 | F127: =Saisie!F127 -> 0 | G127: =Saisie!G127 -> 0 | H127: =Saisie!I127 -> 0 | I127: =Saisie!J127 -> 0 | J127: =Saisie!K127 -> 0 | K127: =Saisie!L127 -> 0 | L127: =Saisie!#REF! -> #REF! | M127: {=_xlfn.IFS(Saisie!M127="OUI",1,Saisie!M127="NON",0)} -> #N/A | N127: =Saisie!#REF! -> #REF! | O127: =Saisie!#REF! -> #REF! | P127: =Saisie!N127 -> 0 | Q127: {=_xlfn.IFS(Saisie!#REF!="OUI",1,Saisie!#REF!="NON",0)} -> #REF! | R127: =Saisie!#REF! -> #REF! | S127: =Saisie!#REF! -> #REF! | T127: =Saisie!#REF! -> #REF! | U127: =Saisie!#REF! -> #REF! | V127: {=_xlfn.IFS(Saisie!#REF!="OUI",1,Saisie!#REF!="NON",0)} -> #REF! | W127: {=_xlfn.IFS(Saisie!O127="OUI",1,Saisie!O127="NON",0)} -> #N/A | X127: =Saisie!P127 -> 0 | Y127: =Saisie!H127 -> 0 | Z127: =Saisie!#REF! -> #REF! | AA127: =Saisie!Q127 -> 0 | AB127: {=_xlfn.IFS(Saisie!R127="OUI",1,Saisie!R127="NON",0)} -> #N/A | AC127: =Saisie!S127 -> 0 | AD127: {=_xlfn.IFS(Saisie!T127="OUI",1,Saisie!T127="NON",0)} -> #N/A | AE127: =Saisie!U127 -> 0 | AF127: 3 | AG127: =Saisie!W127 -> 0 | AH127: =Saisie!X127 -> 0 | AI127: =Saisie!Y127 -> 0 | AJ127: =Saisie!Z127 -> 0 | AK127: =Saisie!AA127 -> 0 | AL127: =Saisie!AB127 -> 0 | AM127: =Saisie!AC127 -> 0 | AN127: =Saisie!AD127 -> 0 | ... AP127: =Saisie!AF127 -> 0 | AQ127: {=_xlfn.IFS(Saisie!AG127="OUI",1,Saisie!AG127="NON",0)} -> #N/A | AR127: {=_xlfn.IFS(Saisie!AH127="OUI",1,Saisie!AH127="NON",0)} -> #N/A | AS127: =Saisie!AI127 -> 0 | AT127: {=_xlfn.IFS(Saisie!AJ127="OUI",1,Saisie!AJ127="NON",0)} -> #N/A | AU127: =Saisie!AK127 -> 0 | AV127: {=_xlfn.IFS(Saisie!AL127="OUI",1,Saisie!AL127="NON",0)} -> #N/A | AW127: =Saisie!AM127 -> 0 | AX127: =Saisie!AN127 -> 0 | AY127: =Saisie!AO127 -> 0 | AZ127: =Saisie!AP127 -> 0 | BA127: =Saisie!AQ127 -> 0 | BB127: =Saisie!AR127 -> 0 | BC127: =Saisie!AS127 -> 0 | BD127: =Saisie!AT127 -> 0 | BE127: {=_xlfn.IFS(Saisie!AU127="OUI",1,Saisie!AU127="NON",0)} -> #N/A | BF127: =Saisie!AV127 -> 0 | BG127: =Saisie!AW127 -> 0 | BH127: {=_xlfn.IFS(Saisie!AX127="OUI",1,Saisie!AX127="NON",0)} -> #N/A | BI127: =Saisie!AY127 -> 0 | BJ127: {=_xlfn.IFS(Saisie!AZ127="OUI",1,Saisie!AZ127="NON",0)} -> #N/A | BK127: {=_xlfn.IFS(Saisie!BA127="OUI",1,Saisie!BA127="NON",0)} -> #N/A | BL127: =Saisie!BB127 -> 0 | BM127: =Saisie!BC127 -> #REF!
A128: 122 | B128: =Saisie!B128 -> 0 | C128: =Saisie!C128 -> 0 | D128: =Saisie!D128 -> 0 | E128: =Saisie!E128 -> 0 | F128: =Saisie!F128 -> 0 | G128: =Saisie!G128 -> 0 | H128: =Saisie!I128 -> 0 | I128: =Saisie!J128 -> 0 | J128: =Saisie!K128 -> 0 | K128: =Saisie!L128 -> 0 | L128: =Saisie!#REF! -> #REF! | M128: {=_xlfn.IFS(Saisie!M128="OUI",1,Saisie!M128="NON",0)} -> #N/A | N128: =Saisie!#REF! -> #REF! | O128: =Saisie!#REF! -> #REF! | P128: =Saisie!N128 -> 0 | Q128: {=_xlfn.IFS(Saisie!#REF!="OUI",1,Saisie!#REF!="NON",0)} -> #REF! | R128: =Saisie!#REF! -> #REF! | S128: =Saisie!#REF! -> #REF! | T128: =Saisie!#REF! -> #REF! | U128: =Saisie!#REF! -> #REF! | V128: {=_xlfn.IFS(Saisie!#REF!="OUI",1,Saisie!#REF!="NON",0)} -> #REF! | W128: {=_xlfn.IFS(Saisie!O128="OUI",1,Saisie!O128="NON",0)} -> #N/A | X128: =Saisie!P128 -> 0 | Y128: =Saisie!H128 -> 0 | Z128: =Saisie!#REF! -> #REF! | AA128: =Saisie!Q128 -> 0 | AB128: {=_xlfn.IFS(Saisie!R128="OUI",1,Saisie!R128="NON",0)} -> #N/A | AC128: =Saisie!S128 -> 0 | AD128: {=_xlfn.IFS(Saisie!T128="OUI",1,Saisie!T128="NON",0)} -> #N/A | AE128: =Saisie!U128 -> 0 | AF128: 3 | AG128: =Saisie!W128 -> 0 | AH128: =Saisie!X128 -> 0 | AI128: =Saisie!Y128 -> 0 | AJ128: =Saisie!Z128 -> 0 | AK128: =Saisie!AA128 -> 0 | AL128: =Saisie!AB128 -> 0 | AM128: =Saisie!AC128 -> 0 | AN128: =Saisie!AD128 -> 0 | ... AP128: =Saisie!AF128 -> 0 | AQ128: {=_xlfn.IFS(Saisie!AG128="OUI",1,Saisie!AG128="NON",0)} -> #N/A | AR128: {=_xlfn.IFS(Saisie!AH128="OUI",1,Saisie!AH128="NON",0)} -> #N/A | AS128: =Saisie!AI128 -> 0 | AT128: {=_xlfn.IFS(Saisie!AJ128="OUI",1,Saisie!AJ128="NON",0)} -> #N/A | AU128: =Saisie!AK128 -> 0 | AV128: {=_xlfn.IFS(Saisie!AL128="OUI",1,Saisie!AL128="NON",0)} -> #N/A | AW128: =Saisie!AM128 -> 0 | AX128: =Saisie!AN128 -> 0 | AY128: =Saisie!AO128 -> 0 | AZ128: =Saisie!AP128 -> 0 | BA128: =Saisie!AQ128 -> 0 | BB128: =Saisie!AR128 -> 0 | BC128: =Saisie!AS128 -> 0 | BD128: =Saisie!AT128 -> 0 | BE128: {=_xlfn.IFS(Saisie!AU128="OUI",1,Saisie!AU128="NON",0)} -> #N/A | BF128: =Saisie!AV128 -> 0 | BG128: =Saisie!AW128 -> 0 | BH128: {=_xlfn.IFS(Saisie!AX128="OUI",1,Saisie!AX128="NON",0)} -> #N/A | BI128: =Saisie!AY128 -> 0 | BJ128: {=_xlfn.IFS(Saisie!AZ128="OUI",1,Saisie!AZ128="NON",0)} -> #N/A | BK128: {=_xlfn.IFS(Saisie!BA128="OUI",1,Saisie!BA128="NON",0)} -> #N/A | BL128: =Saisie!BB128 -> 0 | BM128: =Saisie!BC128 -> #REF!
A129: 123 | B129: =Saisie!B129 -> 0 | C129: =Saisie!C129 -> 0 | D129: =Saisie!D129 -> 0 | E129: =Saisie!E129 -> 0 | F129: =Saisie!F129 -> 0 | G129: =Saisie!G129 -> 0 | H129: =Saisie!I129 -> 0 | I129: =Saisie!J129 -> 0 | J129: =Saisie!K129 -> 0 | K129: =Saisie!L129 -> 0 | L129: =Saisie!#REF! -> #REF! | M129: {=_xlfn.IFS(Saisie!M129="OUI",1,Saisie!M129="NON",0)} -> #N/A | N129: =Saisie!#REF! -> #REF! | O129: =Saisie!#REF! -> #REF! | P129: =Saisie!N129 -> 0 | Q129: {=_xlfn.IFS(Saisie!#REF!="OUI",1,Saisie!#REF!="NON",0)} -> #REF! | R129: =Saisie!#REF! -> #REF! | S129: =Saisie!#REF! -> #REF! | T129: =Saisie!#REF! -> #REF! | U129: =Saisie!#REF! -> #REF! | V129: {=_xlfn.IFS(Saisie!#REF!="OUI",1,Saisie!#REF!="NON",0)} -> #REF! | W129: {=_xlfn.IFS(Saisie!O129="OUI",1,Saisie!O129="NON",0)} -> #N/A | X129: =Saisie!P129 -> 0 | Y129: =Saisie!H129 -> 0 | Z129: =Saisie!#REF! -> #REF! | AA129: =Saisie!Q129 -> 0 | AB129: {=_xlfn.IFS(Saisie!R129="OUI",1,Saisie!R129="NON",0)} -> #N/A | AC129: =Saisie!S129 -> 0 | AD129: {=_xlfn.IFS(Saisie!T129="OUI",1,Saisie!T129="NON",0)} -> #N/A | AE129: =Saisie!U129 -> 0 | AF129: 3 | AG129: =Saisie!W129 -> 0 | AH129: =Saisie!X129 -> 0 | AI129: =Saisie!Y129 -> 0 | AJ129: =Saisie!Z129 -> 0 | AK129: =Saisie!AA129 -> 0 | AL129: =Saisie!AB129 -> 0 | AM129: =Saisie!AC129 -> 0 | AN129: =Saisie!AD129 -> 0 | ... AP129: =Saisie!AF129 -> 0 | AQ129: {=_xlfn.IFS(Saisie!AG129="OUI",1,Saisie!AG129="NON",0)} -> #N/A | AR129: {=_xlfn.IFS(Saisie!AH129="OUI",1,Saisie!AH129="NON",0)} -> #N/A | AS129: =Saisie!AI129 -> 0 | AT129: {=_xlfn.IFS(Saisie!AJ129="OUI",1,Saisie!AJ129="NON",0)} -> #N/A | AU129: =Saisie!AK129 -> 0 | AV129: {=_xlfn.IFS(Saisie!AL129="OUI",1,Saisie!AL129="NON",0)} -> #N/A | AW129: =Saisie!AM129 -> 0 | AX129: =Saisie!AN129 -> 0 | AY129: =Saisie!AO129 -> 0 | AZ129: =Saisie!AP129 -> 0 | BA129: =Saisie!AQ129 -> 0 | BB129: =Saisie!AR129 -> 0 | BC129: =Saisie!AS129 -> 0 | BD129: =Saisie!AT129 -> 0 | BE129: {=_xlfn.IFS(Saisie!AU129="OUI",1,Saisie!AU129="NON",0)} -> #N/A | BF129: =Saisie!AV129 -> 0 | BG129: =Saisie!AW129 -> 0 | BH129: {=_xlfn.IFS(Saisie!AX129="OUI",1,Saisie!AX129="NON",0)} -> #N/A | BI129: =Saisie!AY129 -> 0 | BJ129: {=_xlfn.IFS(Saisie!AZ129="OUI",1,Saisie!AZ129="NON",0)} -> #N/A | BK129: {=_xlfn.IFS(Saisie!BA129="OUI",1,Saisie!BA129="NON",0)} -> #N/A | BL129: =Saisie!BB129 -> 0 | BM129: =Saisie!BC129 -> #REF!
A130: 124 | B130: =Saisie!B130 -> 0 | C130: =Saisie!C130 -> 0 | D130: =Saisie!D130 -> 0 | E130: =Saisie!E130 -> 0 | F130: =Saisie!F130 -> 0 | G130: =Saisie!G130 -> 0 | H130: =Saisie!I130 -> 0 | I130: =Saisie!J130 -> 0 | J130: =Saisie!K130 -> 0 | K130: =Saisie!L130 -> 0 | L130: =Saisie!#REF! -> #REF! | M130: {=_xlfn.IFS(Saisie!M130="OUI",1,Saisie!M130="NON",0)} -> #N/A | N130: =Saisie!#REF! -> #REF! | O130: =Saisie!#REF! -> #REF! | P130: =Saisie!N130 -> 0 | Q130: {=_xlfn.IFS(Saisie!#REF!="OUI",1,Saisie!#REF!="NON",0)} -> #REF! | R130: =Saisie!#REF! -> #REF! | S130: =Saisie!#REF! -> #REF! | T130: =Saisie!#REF! -> #REF! | U130: =Saisie!#REF! -> #REF! | V130: {=_xlfn.IFS(Saisie!#REF!="OUI",1,Saisie!#REF!="NON",0)} -> #REF! | W130: {=_xlfn.IFS(Saisie!O130="OUI",1,Saisie!O130="NON",0)} -> #N/A | X130: =Saisie!P130 -> 0 | Y130: =Saisie!H130 -> 0 | Z130: =Saisie!#REF! -> #REF! | AA130: =Saisie!Q130 -> 0 | AB130: {=_xlfn.IFS(Saisie!R130="OUI",1,Saisie!R130="NON",0)} -> #N/A | AC130: =Saisie!S130 -> 0 | AD130: {=_xlfn.IFS(Saisie!T130="OUI",1,Saisie!T130="NON",0)} -> #N/A | AE130: =Saisie!U130 -> 0 | AF130: 3 | AG130: =Saisie!W130 -> 0 | AH130: =Saisie!X130 -> 0 | AI130: =Saisie!Y130 -> 0 | AJ130: =Saisie!Z130 -> 0 | AK130: =Saisie!AA130 -> 0 | AL130: =Saisie!AB130 -> 0 | AM130: =Saisie!AC130 -> 0 | AN130: =Saisie!AD130 -> 0 | ... AP130: =Saisie!AF130 -> 0 | AQ130: {=_xlfn.IFS(Saisie!AG130="OUI",1,Saisie!AG130="NON",0)} -> #N/A | AR130: {=_xlfn.IFS(Saisie!AH130="OUI",1,Saisie!AH130="NON",0)} -> #N/A | AS130: =Saisie!AI130 -> 0 | AT130: {=_xlfn.IFS(Saisie!AJ130="OUI",1,Saisie!AJ130="NON",0)} -> #N/A | AU130: =Saisie!AK130 -> 0 | AV130: {=_xlfn.IFS(Saisie!AL130="OUI",1,Saisie!AL130="NON",0)} -> #N/A | AW130: =Saisie!AM130 -> 0 | AX130: =Saisie!AN130 -> 0 | AY130: =Saisie!AO130 -> 0 | AZ130: =Saisie!AP130 -> 0 | BA130: =Saisie!AQ130 -> 0 | BB130: =Saisie!AR130 -> 0 | BC130: =Saisie!AS130 -> 0 | BD130: =Saisie!AT130 -> 0 | BE130: {=_xlfn.IFS(Saisie!AU130="OUI",1,Saisie!AU130="NON",0)} -> #N/A | BF130: =Saisie!AV130 -> 0 | BG130: =Saisie!AW130 -> 0 | BH130: {=_xlfn.IFS(Saisie!AX130="OUI",1,Saisie!AX130="NON",0)} -> #N/A | BI130: =Saisie!AY130 -> 0 | BJ130: {=_xlfn.IFS(Saisie!AZ130="OUI",1,Saisie!AZ130="NON",0)} -> #N/A | BK130: {=_xlfn.IFS(Saisie!BA130="OUI",1,Saisie!BA130="NON",0)} -> #N/A | BL130: =Saisie!BB130 -> 0 | BM130: =Saisie!BC130 -> #REF!
A131: 125 | B131: =Saisie!B131 -> 0 | C131: =Saisie!C131 -> 0 | D131: =Saisie!D131 -> 0 | E131: =Saisie!E131 -> 0 | F131: =Saisie!F131 -> 0 | G131: =Saisie!G131 -> 0 | H131: =Saisie!I131 -> 0 | I131: =Saisie!J131 -> 0 | J131: =Saisie!K131 -> 0 | K131: =Saisie!L131 -> 0 | L131: =Saisie!#REF! -> #REF! | M131: {=_xlfn.IFS(Saisie!M131="OUI",1,Saisie!M131="NON",0)} -> #N/A | N131: =Saisie!#REF! -> #REF! | O131: =Saisie!#REF! -> #REF! | P131: =Saisie!N131 -> 0 | Q131: {=_xlfn.IFS(Saisie!#REF!="OUI",1,Saisie!#REF!="NON",0)} -> #REF! | R131: =Saisie!#REF! -> #REF! | S131: =Saisie!#REF! -> #REF! | T131: =Saisie!#REF! -> #REF! | U131: =Saisie!#REF! -> #REF! | V131: {=_xlfn.IFS(Saisie!#REF!="OUI",1,Saisie!#REF!="NON",0)} -> #REF! | W131: {=_xlfn.IFS(Saisie!O131="OUI",1,Saisie!O131="NON",0)} -> #N/A | X131: =Saisie!P131 -> 0 | Y131: =Saisie!H131 -> 0 | Z131: =Saisie!#REF! -> #REF! | AA131: =Saisie!Q131 -> 0 | AB131: {=_xlfn.IFS(Saisie!R131="OUI",1,Saisie!R131="NON",0)} -> #N/A | AC131: =Saisie!S131 -> 0 | AD131: {=_xlfn.IFS(Saisie!T131="OUI",1,Saisie!T131="NON",0)} -> #N/A | AE131: =Saisie!U131 -> 0 | AF131: 3 | AG131: =Saisie!W131 -> 0 | AH131: =Saisie!X131 -> 0 | AI131: =Saisie!Y131 -> 0 | AJ131: =Saisie!Z131 -> 0 | AK131: =Saisie!AA131 -> 0 | AL131: =Saisie!AB131 -> 0 | AM131: =Saisie!AC131 -> 0 | AN131: =Saisie!AD131 -> 0 | ... AP131: =Saisie!AF131 -> 0 | AQ131: {=_xlfn.IFS(Saisie!AG131="OUI",1,Saisie!AG131="NON",0)} -> #N/A | AR131: {=_xlfn.IFS(Saisie!AH131="OUI",1,Saisie!AH131="NON",0)} -> #N/A | AS131: =Saisie!AI131 -> 0 | AT131: {=_xlfn.IFS(Saisie!AJ131="OUI",1,Saisie!AJ131="NON",0)} -> #N/A | AU131: =Saisie!AK131 -> 0 | AV131: {=_xlfn.IFS(Saisie!AL131="OUI",1,Saisie!AL131="NON",0)} -> #N/A | AW131: =Saisie!AM131 -> 0 | AX131: =Saisie!AN131 -> 0 | AY131: =Saisie!AO131 -> 0 | AZ131: =Saisie!AP131 -> 0 | BA131: =Saisie!AQ131 -> 0 | BB131: =Saisie!AR131 -> 0 | BC131: =Saisie!AS131 -> 0 | BD131: =Saisie!AT131 -> 0 | BE131: {=_xlfn.IFS(Saisie!AU131="OUI",1,Saisie!AU131="NON",0)} -> #N/A | BF131: =Saisie!AV131 -> 0 | BG131: =Saisie!AW131 -> 0 | BH131: {=_xlfn.IFS(Saisie!AX131="OUI",1,Saisie!AX131="NON",0)} -> #N/A | BI131: =Saisie!AY131 -> 0 | BJ131: {=_xlfn.IFS(Saisie!AZ131="OUI",1,Saisie!AZ131="NON",0)} -> #N/A | BK131: {=_xlfn.IFS(Saisie!BA131="OUI",1,Saisie!BA131="NON",0)} -> #N/A | BL131: =Saisie!BB131 -> 0 | BM131: =Saisie!BC131 -> #REF!
A132: 126 | B132: =Saisie!B132 -> 0 | C132: =Saisie!C132 -> 0 | D132: =Saisie!D132 -> 0 | E132: =Saisie!E132 -> 0 | F132: =Saisie!F132 -> 0 | G132: =Saisie!G132 -> 0 | H132: =Saisie!I132 -> 0 | I132: =Saisie!J132 -> 0 | J132: =Saisie!K132 -> 0 | K132: =Saisie!L132 -> 0 | L132: =Saisie!#REF! -> #REF! | M132: {=_xlfn.IFS(Saisie!M132="OUI",1,Saisie!M132="NON",0)} -> #N/A | N132: =Saisie!#REF! -> #REF! | O132: =Saisie!#REF! -> #REF! | P132: =Saisie!N132 -> 0 | Q132: {=_xlfn.IFS(Saisie!#REF!="OUI",1,Saisie!#REF!="NON",0)} -> #REF! | R132: =Saisie!#REF! -> #REF! | S132: =Saisie!#REF! -> #REF! | T132: =Saisie!#REF! -> #REF! | U132: =Saisie!#REF! -> #REF! | V132: {=_xlfn.IFS(Saisie!#REF!="OUI",1,Saisie!#REF!="NON",0)} -> #REF! | W132: {=_xlfn.IFS(Saisie!O132="OUI",1,Saisie!O132="NON",0)} -> #N/A | X132: =Saisie!P132 -> 0 | Y132: =Saisie!H132 -> 0 | Z132: =Saisie!#REF! -> #REF! | AA132: =Saisie!Q132 -> 0 | AB132: {=_xlfn.IFS(Saisie!R132="OUI",1,Saisie!R132="NON",0)} -> #N/A | AC132: =Saisie!S132 -> 0 | AD132: {=_xlfn.IFS(Saisie!T132="OUI",1,Saisie!T132="NON",0)} -> #N/A | AE132: =Saisie!U132 -> 0 | AF132: 3 | AG132: =Saisie!W132 -> 0 | AH132: =Saisie!X132 -> 0 | AI132: =Saisie!Y132 -> 0 | AJ132: =Saisie!Z132 -> 0 | AK132: =Saisie!AA132 -> 0 | AL132: =Saisie!AB132 -> 0 | AM132: =Saisie!AC132 -> 0 | AN132: =Saisie!AD132 -> 0 | ... AP132: =Saisie!AF132 -> 0 | AQ132: {=_xlfn.IFS(Saisie!AG132="OUI",1,Saisie!AG132="NON",0)} -> #N/A | AR132: {=_xlfn.IFS(Saisie!AH132="OUI",1,Saisie!AH132="NON",0)} -> #N/A | AS132: =Saisie!AI132 -> 0 | AT132: {=_xlfn.IFS(Saisie!AJ132="OUI",1,Saisie!AJ132="NON",0)} -> #N/A | AU132: =Saisie!AK132 -> 0 | AV132: {=_xlfn.IFS(Saisie!AL132="OUI",1,Saisie!AL132="NON",0)} -> #N/A | AW132: =Saisie!AM132 -> 0 | AX132: =Saisie!AN132 -> 0 | AY132: =Saisie!AO132 -> 0 | AZ132: =Saisie!AP132 -> 0 | BA132: =Saisie!AQ132 -> 0 | BB132: =Saisie!AR132 -> 0 | BC132: =Saisie!AS132 -> 0 | BD132: =Saisie!AT132 -> 0 | BE132: {=_xlfn.IFS(Saisie!AU132="OUI",1,Saisie!AU132="NON",0)} -> #N/A | BF132: =Saisie!AV132 -> 0 | BG132: =Saisie!AW132 -> 0 | BH132: {=_xlfn.IFS(Saisie!AX132="OUI",1,Saisie!AX132="NON",0)} -> #N/A | BI132: =Saisie!AY132 -> 0 | BJ132: {=_xlfn.IFS(Saisie!AZ132="OUI",1,Saisie!AZ132="NON",0)} -> #N/A | BK132: {=_xlfn.IFS(Saisie!BA132="OUI",1,Saisie!BA132="NON",0)} -> #N/A | BL132: =Saisie!BB132 -> 0 | BM132: =Saisie!BC132 -> #REF!
A133: 127 | B133: =Saisie!B133 -> 0 | C133: =Saisie!C133 -> 0 | D133: =Saisie!D133 -> 0 | E133: =Saisie!E133 -> 0 | F133: =Saisie!F133 -> 0 | G133: =Saisie!G133 -> 0 | H133: =Saisie!I133 -> 0 | I133: =Saisie!J133 -> 0 | J133: =Saisie!K133 -> 0 | K133: =Saisie!L133 -> 0 | L133: =Saisie!#REF! -> #REF! | M133: {=_xlfn.IFS(Saisie!M133="OUI",1,Saisie!M133="NON",0)} -> #N/A | N133: =Saisie!#REF! -> #REF! | O133: =Saisie!#REF! -> #REF! | P133: =Saisie!N133 -> 0 | Q133: {=_xlfn.IFS(Saisie!#REF!="OUI",1,Saisie!#REF!="NON",0)} -> #REF! | R133: =Saisie!#REF! -> #REF! | S133: =Saisie!#REF! -> #REF! | T133: =Saisie!#REF! -> #REF! | U133: =Saisie!#REF! -> #REF! | V133: {=_xlfn.IFS(Saisie!#REF!="OUI",1,Saisie!#REF!="NON",0)} -> #REF! | W133: {=_xlfn.IFS(Saisie!O133="OUI",1,Saisie!O133="NON",0)} -> #N/A | X133: =Saisie!P133 -> 0 | Y133: =Saisie!H133 -> 0 | Z133: =Saisie!#REF! -> #REF! | AA133: =Saisie!Q133 -> 0 | AB133: {=_xlfn.IFS(Saisie!R133="OUI",1,Saisie!R133="NON",0)} -> #N/A | AC133: =Saisie!S133 -> 0 | AD133: {=_xlfn.IFS(Saisie!T133="OUI",1,Saisie!T133="NON",0)} -> #N/A | AE133: =Saisie!U133 -> 0 | AF133: 3 | AG133: =Saisie!W133 -> 0 | AH133: =Saisie!X133 -> 0 | AI133: =Saisie!Y133 -> 0 | AJ133: =Saisie!Z133 -> 0 | AK133: =Saisie!AA133 -> 0 | AL133: =Saisie!AB133 -> 0 | AM133: =Saisie!AC133 -> 0 | AN133: =Saisie!AD133 -> 0 | ... AP133: =Saisie!AF133 -> 0 | AQ133: {=_xlfn.IFS(Saisie!AG133="OUI",1,Saisie!AG133="NON",0)} -> #N/A | AR133: {=_xlfn.IFS(Saisie!AH133="OUI",1,Saisie!AH133="NON",0)} -> #N/A | AS133: =Saisie!AI133 -> 0 | AT133: {=_xlfn.IFS(Saisie!AJ133="OUI",1,Saisie!AJ133="NON",0)} -> #N/A | AU133: =Saisie!AK133 -> 0 | AV133: {=_xlfn.IFS(Saisie!AL133="OUI",1,Saisie!AL133="NON",0)} -> #N/A | AW133: =Saisie!AM133 -> 0 | AX133: =Saisie!AN133 -> 0 | AY133: =Saisie!AO133 -> 0 | AZ133: =Saisie!AP133 -> 0 | BA133: =Saisie!AQ133 -> 0 | BB133: =Saisie!AR133 -> 0 | BC133: =Saisie!AS133 -> 0 | BD133: =Saisie!AT133 -> 0 | BE133: {=_xlfn.IFS(Saisie!AU133="OUI",1,Saisie!AU133="NON",0)} -> #N/A | BF133: =Saisie!AV133 -> 0 | BG133: =Saisie!AW133 -> 0 | BH133: {=_xlfn.IFS(Saisie!AX133="OUI",1,Saisie!AX133="NON",0)} -> #N/A | BI133: =Saisie!AY133 -> 0 | BJ133: {=_xlfn.IFS(Saisie!AZ133="OUI",1,Saisie!AZ133="NON",0)} -> #N/A | BK133: {=_xlfn.IFS(Saisie!BA133="OUI",1,Saisie!BA133="NON",0)} -> #N/A | BL133: =Saisie!BB133 -> 0 | BM133: =Saisie!BC133 -> #REF!
A134: 128 | B134: =Saisie!B134 -> 0 | C134: =Saisie!C134 -> 0 | D134: =Saisie!D134 -> 0 | E134: =Saisie!E134 -> 0 | F134: =Saisie!F134 -> 0 | G134: =Saisie!G134 -> 0 | H134: =Saisie!I134 -> 0 | I134: =Saisie!J134 -> 0 | J134: =Saisie!K134 -> 0 | K134: =Saisie!L134 -> 0 | L134: =Saisie!#REF! -> #REF! | M134: {=_xlfn.IFS(Saisie!M134="OUI",1,Saisie!M134="NON",0)} -> #N/A | N134: =Saisie!#REF! -> #REF! | O134: =Saisie!#REF! -> #REF! | P134: =Saisie!N134 -> 0 | Q134: {=_xlfn.IFS(Saisie!#REF!="OUI",1,Saisie!#REF!="NON",0)} -> #REF! | R134: =Saisie!#REF! -> #REF! | S134: =Saisie!#REF! -> #REF! | T134: =Saisie!#REF! -> #REF! | U134: =Saisie!#REF! -> #REF! | V134: {=_xlfn.IFS(Saisie!#REF!="OUI",1,Saisie!#REF!="NON",0)} -> #REF! | W134: {=_xlfn.IFS(Saisie!O134="OUI",1,Saisie!O134="NON",0)} -> #N/A | X134: =Saisie!P134 -> 0 | Y134: =Saisie!H134 -> 0 | Z134: =Saisie!#REF! -> #REF! | AA134: =Saisie!Q134 -> 0 | AB134: {=_xlfn.IFS(Saisie!R134="OUI",1,Saisie!R134="NON",0)} -> #N/A | AC134: =Saisie!S134 -> 0 | AD134: {=_xlfn.IFS(Saisie!T134="OUI",1,Saisie!T134="NON",0)} -> #N/A | AE134: =Saisie!U134 -> 0 | AF134: 1 | AG134: =Saisie!W134 -> 0 | AH134: =Saisie!X134 -> 0 | AI134: =Saisie!Y134 -> 0 | AJ134: =Saisie!Z134 -> 0 | AK134: =Saisie!AA134 -> 0 | AL134: =Saisie!AB134 -> 0 | AM134: =Saisie!AC134 -> 0 | AN134: =Saisie!AD134 -> 0 | ... AP134: =Saisie!AF134 -> 0 | AQ134: {=_xlfn.IFS(Saisie!AG134="OUI",1,Saisie!AG134="NON",0)} -> #N/A | AR134: {=_xlfn.IFS(Saisie!AH134="OUI",1,Saisie!AH134="NON",0)} -> #N/A | AS134: =Saisie!AI134 -> 0 | AT134: {=_xlfn.IFS(Saisie!AJ134="OUI",1,Saisie!AJ134="NON",0)} -> #N/A | AU134: =Saisie!AK134 -> 0 | AV134: {=_xlfn.IFS(Saisie!AL134="OUI",1,Saisie!AL134="NON",0)} -> #N/A | AW134: =Saisie!AM134 -> 0 | AX134: =Saisie!AN134 -> 0 | AY134: =Saisie!AO134 -> 0 | AZ134: =Saisie!AP134 -> 0 | BA134: =Saisie!AQ134 -> 0 | BB134: =Saisie!AR134 -> 0 | BC134: =Saisie!AS134 -> 0 | BD134: =Saisie!AT134 -> 0 | BE134: {=_xlfn.IFS(Saisie!AU134="OUI",1,Saisie!AU134="NON",0)} -> #N/A | BF134: =Saisie!AV134 -> 0 | BG134: =Saisie!AW134 -> 0 | BH134: {=_xlfn.IFS(Saisie!AX134="OUI",1,Saisie!AX134="NON",0)} -> #N/A | BI134: =Saisie!AY134 -> 0 | BJ134: {=_xlfn.IFS(Saisie!AZ134="OUI",1,Saisie!AZ134="NON",0)} -> #N/A | BK134: {=_xlfn.IFS(Saisie!BA134="OUI",1,Saisie!BA134="NON",0)} -> #N/A | BL134: =Saisie!BB134 -> 0 | BM134: =Saisie!BC134 -> #REF!
A135: 129 | B135: =Saisie!B135 -> 0 | C135: =Saisie!C135 -> 0 | D135: =Saisie!D135 -> 0 | E135: =Saisie!E135 -> 0 | F135: =Saisie!F135 -> 0 | G135: =Saisie!G135 -> 0 | H135: =Saisie!I135 -> 0 | I135: =Saisie!J135 -> 0 | J135: =Saisie!K135 -> 0 | K135: =Saisie!L135 -> 0 | L135: =Saisie!#REF! -> #REF! | M135: {=_xlfn.IFS(Saisie!M135="OUI",1,Saisie!M135="NON",0)} -> #N/A | N135: =Saisie!#REF! -> #REF! | O135: =Saisie!#REF! -> #REF! | P135: =Saisie!N135 -> 0 | Q135: {=_xlfn.IFS(Saisie!#REF!="OUI",1,Saisie!#REF!="NON",0)} -> #REF! | R135: =Saisie!#REF! -> #REF! | S135: =Saisie!#REF! -> #REF! | T135: =Saisie!#REF! -> #REF! | U135: =Saisie!#REF! -> #REF! | V135: {=_xlfn.IFS(Saisie!#REF!="OUI",1,Saisie!#REF!="NON",0)} -> #REF! | W135: {=_xlfn.IFS(Saisie!O135="OUI",1,Saisie!O135="NON",0)} -> #N/A | X135: =Saisie!P135 -> 0 | Y135: =Saisie!H135 -> 0 | Z135: =Saisie!#REF! -> #REF! | AA135: =Saisie!Q135 -> 0 | AB135: {=_xlfn.IFS(Saisie!R135="OUI",1,Saisie!R135="NON",0)} -> #N/A | AC135: =Saisie!S135 -> 0 | AD135: {=_xlfn.IFS(Saisie!T135="OUI",1,Saisie!T135="NON",0)} -> #N/A | AE135: =Saisie!U135 -> 0 | AF135: 3 | AG135: =Saisie!W135 -> 0 | AH135: =Saisie!X135 -> 0 | AI135: =Saisie!Y135 -> 0 | AJ135: =Saisie!Z135 -> 0 | AK135: =Saisie!AA135 -> 0 | AL135: =Saisie!AB135 -> 0 | AM135: =Saisie!AC135 -> 0 | AN135: =Saisie!AD135 -> 0 | ... AP135: =Saisie!AF135 -> 0 | AQ135: {=_xlfn.IFS(Saisie!AG135="OUI",1,Saisie!AG135="NON",0)} -> #N/A | AR135: {=_xlfn.IFS(Saisie!AH135="OUI",1,Saisie!AH135="NON",0)} -> #N/A | AS135: =Saisie!AI135 -> 0 | AT135: {=_xlfn.IFS(Saisie!AJ135="OUI",1,Saisie!AJ135="NON",0)} -> #N/A | AU135: =Saisie!AK135 -> 0 | AV135: {=_xlfn.IFS(Saisie!AL135="OUI",1,Saisie!AL135="NON",0)} -> #N/A | AW135: =Saisie!AM135 -> 0 | AX135: =Saisie!AN135 -> 0 | AY135: =Saisie!AO135 -> 0 | AZ135: =Saisie!AP135 -> 0 | BA135: =Saisie!AQ135 -> 0 | BB135: =Saisie!AR135 -> 0 | BC135: =Saisie!AS135 -> 0 | BD135: =Saisie!AT135 -> 0 | BE135: {=_xlfn.IFS(Saisie!AU135="OUI",1,Saisie!AU135="NON",0)} -> #N/A | BF135: =Saisie!AV135 -> 0 | BG135: =Saisie!AW135 -> 0 | BH135: {=_xlfn.IFS(Saisie!AX135="OUI",1,Saisie!AX135="NON",0)} -> #N/A | BI135: =Saisie!AY135 -> 0 | BJ135: {=_xlfn.IFS(Saisie!AZ135="OUI",1,Saisie!AZ135="NON",0)} -> #N/A | BK135: {=_xlfn.IFS(Saisie!BA135="OUI",1,Saisie!BA135="NON",0)} -> #N/A | BL135: =Saisie!BB135 -> 0 | BM135: =Saisie!BC135 -> #REF!
A136: 130 | B136: =Saisie!B136 -> 0 | C136: =Saisie!C136 -> 0 | D136: =Saisie!D136 -> 0 | E136: =Saisie!E136 -> 0 | F136: =Saisie!F136 -> 0 | G136: =Saisie!G136 -> 0 | H136: =Saisie!I136 -> 0 | I136: =Saisie!J136 -> 0 | J136: =Saisie!K136 -> 0 | K136: =Saisie!L136 -> 0 | L136: =Saisie!#REF! -> #REF! | M136: {=_xlfn.IFS(Saisie!M136="OUI",1,Saisie!M136="NON",0)} -> #N/A | N136: =Saisie!#REF! -> #REF! | O136: =Saisie!#REF! -> #REF! | P136: =Saisie!N136 -> 0 | Q136: {=_xlfn.IFS(Saisie!#REF!="OUI",1,Saisie!#REF!="NON",0)} -> #REF! | R136: =Saisie!#REF! -> #REF! | S136: =Saisie!#REF! -> #REF! | T136: =Saisie!#REF! -> #REF! | U136: =Saisie!#REF! -> #REF! | V136: {=_xlfn.IFS(Saisie!#REF!="OUI",1,Saisie!#REF!="NON",0)} -> #REF! | W136: {=_xlfn.IFS(Saisie!O136="OUI",1,Saisie!O136="NON",0)} -> #N/A | X136: =Saisie!P136 -> 0 | Y136: =Saisie!H136 -> 0 | Z136: =Saisie!#REF! -> #REF! | AA136: =Saisie!Q136 -> 0 | AB136: {=_xlfn.IFS(Saisie!R136="OUI",1,Saisie!R136="NON",0)} -> #N/A | AC136: =Saisie!S136 -> 0 | AD136: {=_xlfn.IFS(Saisie!T136="OUI",1,Saisie!T136="NON",0)} -> #N/A | AE136: =Saisie!U136 -> 0 | AF136: 3 | AG136: =Saisie!W136 -> 0 | AH136: =Saisie!X136 -> 0 | AI136: =Saisie!Y136 -> 0 | AJ136: =Saisie!Z136 -> 0 | AK136: =Saisie!AA136 -> 0 | AL136: =Saisie!AB136 -> 0 | AM136: =Saisie!AC136 -> 0 | AN136: =Saisie!AD136 -> 0 | ... AP136: =Saisie!AF136 -> 0 | AQ136: {=_xlfn.IFS(Saisie!AG136="OUI",1,Saisie!AG136="NON",0)} -> #N/A | AR136: {=_xlfn.IFS(Saisie!AH136="OUI",1,Saisie!AH136="NON",0)} -> #N/A | AS136: =Saisie!AI136 -> 0 | AT136: {=_xlfn.IFS(Saisie!AJ136="OUI",1,Saisie!AJ136="NON",0)} -> #N/A | AU136: =Saisie!AK136 -> 0 | AV136: {=_xlfn.IFS(Saisie!AL136="OUI",1,Saisie!AL136="NON",0)} -> #N/A | AW136: =Saisie!AM136 -> 0 | AX136: =Saisie!AN136 -> 0 | AY136: =Saisie!AO136 -> 0 | AZ136: =Saisie!AP136 -> 0 | BA136: =Saisie!AQ136 -> 0 | BB136: =Saisie!AR136 -> 0 | BC136: =Saisie!AS136 -> 0 | BD136: =Saisie!AT136 -> 0 | BE136: {=_xlfn.IFS(Saisie!AU136="OUI",1,Saisie!AU136="NON",0)} -> #N/A | BF136: =Saisie!AV136 -> 0 | BG136: =Saisie!AW136 -> 0 | BH136: {=_xlfn.IFS(Saisie!AX136="OUI",1,Saisie!AX136="NON",0)} -> #N/A | BI136: =Saisie!AY136 -> 0 | BJ136: {=_xlfn.IFS(Saisie!AZ136="OUI",1,Saisie!AZ136="NON",0)} -> #N/A | BK136: {=_xlfn.IFS(Saisie!BA136="OUI",1,Saisie!BA136="NON",0)} -> #N/A | BL136: =Saisie!BB136 -> 0 | BM136: =Saisie!BC136 -> #REF!
A137: 131 | B137: =Saisie!B137 -> 0 | C137: =Saisie!C137 -> 0 | D137: =Saisie!D137 -> 0 | E137: =Saisie!E137 -> 0 | F137: =Saisie!F137 -> 0 | G137: =Saisie!G137 -> 0 | H137: =Saisie!I137 -> 0 | I137: =Saisie!J137 -> 0 | J137: =Saisie!K137 -> 0 | K137: =Saisie!L137 -> 0 | L137: =Saisie!#REF! -> #REF! | M137: {=_xlfn.IFS(Saisie!M137="OUI",1,Saisie!M137="NON",0)} -> #N/A | N137: =Saisie!#REF! -> #REF! | O137: =Saisie!#REF! -> #REF! | P137: =Saisie!N137 -> 0 | Q137: {=_xlfn.IFS(Saisie!#REF!="OUI",1,Saisie!#REF!="NON",0)} -> #REF! | R137: =Saisie!#REF! -> #REF! | S137: =Saisie!#REF! -> #REF! | T137: =Saisie!#REF! -> #REF! | U137: =Saisie!#REF! -> #REF! | V137: {=_xlfn.IFS(Saisie!#REF!="OUI",1,Saisie!#REF!="NON",0)} -> #REF! | W137: {=_xlfn.IFS(Saisie!O137="OUI",1,Saisie!O137="NON",0)} -> #N/A | X137: =Saisie!P137 -> 0 | Y137: =Saisie!H137 -> 0 | Z137: =Saisie!#REF! -> #REF! | AA137: =Saisie!Q137 -> 0 | AB137: {=_xlfn.IFS(Saisie!R137="OUI",1,Saisie!R137="NON",0)} -> #N/A | AC137: =Saisie!S137 -> 0 | AD137: {=_xlfn.IFS(Saisie!T137="OUI",1,Saisie!T137="NON",0)} -> #N/A | AE137: =Saisie!U137 -> 0 | AF137: Dérogation n° 03475/2023/MBPE/DGMP/DPO/03644/183 du 26/04/2023 suite à la rallonge bugétaire de 15 000 000 F CFA faisant un total de 30 000 000 F CFA | AG137: =Saisie!W137 -> 0 | AH137: =Saisie!X137 -> 0 | AI137: =Saisie!Y137 -> 0 | AJ137: =Saisie!Z137 -> 0 | AK137: =Saisie!AA137 -> 0 | AL137: =Saisie!AB137 -> 0 | AM137: =Saisie!AC137 -> 0 | AN137: =Saisie!AD137 -> 0 | ... AP137: =Saisie!AF137 -> 0 | AQ137: {=_xlfn.IFS(Saisie!AG137="OUI",1,Saisie!AG137="NON",0)} -> #N/A | AR137: {=_xlfn.IFS(Saisie!AH137="OUI",1,Saisie!AH137="NON",0)} -> #N/A | AS137: =Saisie!AI137 -> 0 | AT137: {=_xlfn.IFS(Saisie!AJ137="OUI",1,Saisie!AJ137="NON",0)} -> #N/A | AU137: =Saisie!AK137 -> 0 | AV137: {=_xlfn.IFS(Saisie!AL137="OUI",1,Saisie!AL137="NON",0)} -> #N/A | AW137: =Saisie!AM137 -> 0 | AX137: =Saisie!AN137 -> 0 | AY137: =Saisie!AO137 -> 0 | AZ137: =Saisie!AP137 -> 0 | BA137: =Saisie!AQ137 -> 0 | BB137: =Saisie!AR137 -> 0 | BC137: =Saisie!AS137 -> 0 | BD137: =Saisie!AT137 -> 0 | BE137: {=_xlfn.IFS(Saisie!AU137="OUI",1,Saisie!AU137="NON",0)} -> #N/A | BF137: =Saisie!AV137 -> 0 | BG137: =Saisie!AW137 -> 0 | BH137: {=_xlfn.IFS(Saisie!AX137="OUI",1,Saisie!AX137="NON",0)} -> #N/A | BI137: =Saisie!AY137 -> 0 | BJ137: {=_xlfn.IFS(Saisie!AZ137="OUI",1,Saisie!AZ137="NON",0)} -> #N/A | BK137: {=_xlfn.IFS(Saisie!BA137="OUI",1,Saisie!BA137="NON",0)} -> #N/A | BL137: =Saisie!BB137 -> 0 | BM137: =Saisie!BC137 -> #REF!
A138: 132 | B138: =Saisie!B138 -> 0 | C138: =Saisie!C138 -> 0 | D138: =Saisie!D138 -> 0 | E138: =Saisie!E138 -> 0 | F138: =Saisie!F138 -> 0 | G138: =Saisie!G138 -> 0 | H138: =Saisie!I138 -> 0 | I138: =Saisie!J138 -> 0 | J138: =Saisie!K138 -> 0 | K138: =Saisie!L138 -> 0 | L138: =Saisie!#REF! -> #REF! | M138: {=_xlfn.IFS(Saisie!M138="OUI",1,Saisie!M138="NON",0)} -> #N/A | N138: =Saisie!#REF! -> #REF! | O138: =Saisie!#REF! -> #REF! | P138: =Saisie!N138 -> 0 | Q138: {=_xlfn.IFS(Saisie!#REF!="OUI",1,Saisie!#REF!="NON",0)} -> #REF! | R138: =Saisie!#REF! -> #REF! | S138: =Saisie!#REF! -> #REF! | T138: =Saisie!#REF! -> #REF! | U138: =Saisie!#REF! -> #REF! | V138: {=_xlfn.IFS(Saisie!#REF!="OUI",1,Saisie!#REF!="NON",0)} -> #REF! | W138: {=_xlfn.IFS(Saisie!O138="OUI",1,Saisie!O138="NON",0)} -> #N/A | X138: =Saisie!P138 -> 0 | Y138: =Saisie!H138 -> 0 | Z138: =Saisie!#REF! -> #REF! | AA138: =Saisie!Q138 -> 0 | AB138: {=_xlfn.IFS(Saisie!R138="OUI",1,Saisie!R138="NON",0)} -> #N/A | AC138: =Saisie!S138 -> 0 | AD138: {=_xlfn.IFS(Saisie!T138="OUI",1,Saisie!T138="NON",0)} -> #N/A | AE138: =Saisie!U138 -> 0 | AF138: 3 | AG138: =Saisie!W138 -> 0 | AH138: =Saisie!X138 -> 0 | AI138: =Saisie!Y138 -> 0 | AJ138: =Saisie!Z138 -> 0 | AK138: =Saisie!AA138 -> 0 | AL138: =Saisie!AB138 -> 0 | AM138: =Saisie!AC138 -> 0 | AN138: =Saisie!AD138 -> 0 | ... AP138: =Saisie!AF138 -> 0 | AQ138: {=_xlfn.IFS(Saisie!AG138="OUI",1,Saisie!AG138="NON",0)} -> #N/A | AR138: {=_xlfn.IFS(Saisie!AH138="OUI",1,Saisie!AH138="NON",0)} -> #N/A | AS138: =Saisie!AI138 -> 0 | AT138: {=_xlfn.IFS(Saisie!AJ138="OUI",1,Saisie!AJ138="NON",0)} -> #N/A | AU138: =Saisie!AK138 -> 0 | AV138: {=_xlfn.IFS(Saisie!AL138="OUI",1,Saisie!AL138="NON",0)} -> #N/A | AW138: =Saisie!AM138 -> 0 | AX138: =Saisie!AN138 -> 0 | AY138: =Saisie!AO138 -> 0 | AZ138: =Saisie!AP138 -> 0 | BA138: =Saisie!AQ138 -> 0 | BB138: =Saisie!AR138 -> 0 | BC138: =Saisie!AS138 -> 0 | BD138: =Saisie!AT138 -> 0 | BE138: {=_xlfn.IFS(Saisie!AU138="OUI",1,Saisie!AU138="NON",0)} -> #N/A | BF138: =Saisie!AV138 -> 0 | BG138: =Saisie!AW138 -> 0 | BH138: {=_xlfn.IFS(Saisie!AX138="OUI",1,Saisie!AX138="NON",0)} -> #N/A | BI138: =Saisie!AY138 -> 0 | BJ138: {=_xlfn.IFS(Saisie!AZ138="OUI",1,Saisie!AZ138="NON",0)} -> #N/A | BK138: {=_xlfn.IFS(Saisie!BA138="OUI",1,Saisie!BA138="NON",0)} -> #N/A | BL138: =Saisie!BB138 -> 0 | BM138: =Saisie!BC138 -> #REF!
A139: 133 | B139: =Saisie!B139 -> 0 | C139: =Saisie!C139 -> 0 | D139: =Saisie!D139 -> 0 | E139: =Saisie!E139 -> 0 | F139: =Saisie!F139 -> 0 | G139: =Saisie!G139 -> 0 | H139: =Saisie!I139 -> 0 | I139: =Saisie!J139 -> 0 | J139: =Saisie!K139 -> 0 | K139: =Saisie!L139 -> 0 | L139: =Saisie!#REF! -> #REF! | M139: {=_xlfn.IFS(Saisie!M139="OUI",1,Saisie!M139="NON",0)} -> #N/A | N139: =Saisie!#REF! -> #REF! | O139: =Saisie!#REF! -> #REF! | P139: =Saisie!N139 -> 0 | Q139: {=_xlfn.IFS(Saisie!#REF!="OUI",1,Saisie!#REF!="NON",0)} -> #REF! | R139: =Saisie!#REF! -> #REF! | S139: =Saisie!#REF! -> #REF! | T139: =Saisie!#REF! -> #REF! | U139: =Saisie!#REF! -> #REF! | V139: {=_xlfn.IFS(Saisie!#REF!="OUI",1,Saisie!#REF!="NON",0)} -> #REF! | W139: {=_xlfn.IFS(Saisie!O139="OUI",1,Saisie!O139="NON",0)} -> #N/A | X139: =Saisie!P139 -> 0 | Y139: =Saisie!H139 -> 0 | Z139: =Saisie!#REF! -> #REF! | AA139: =Saisie!Q139 -> 0 | AB139: {=_xlfn.IFS(Saisie!R139="OUI",1,Saisie!R139="NON",0)} -> #N/A | AC139: =Saisie!S139 -> 0 | AD139: {=_xlfn.IFS(Saisie!T139="OUI",1,Saisie!T139="NON",0)} -> #N/A | AE139: =Saisie!U139 -> 0 | AF139: 3 | AG139: =Saisie!W139 -> 0 | AH139: =Saisie!X139 -> 0 | AI139: =Saisie!Y139 -> 0 | AJ139: =Saisie!Z139 -> 0 | AK139: =Saisie!AA139 -> 0 | AL139: =Saisie!AB139 -> 0 | AM139: =Saisie!AC139 -> 0 | AN139: =Saisie!AD139 -> 0 | ... AP139: =Saisie!AF139 -> 0 | AQ139: {=_xlfn.IFS(Saisie!AG139="OUI",1,Saisie!AG139="NON",0)} -> #N/A | AR139: {=_xlfn.IFS(Saisie!AH139="OUI",1,Saisie!AH139="NON",0)} -> #N/A | AS139: =Saisie!AI139 -> 0 | AT139: {=_xlfn.IFS(Saisie!AJ139="OUI",1,Saisie!AJ139="NON",0)} -> #N/A | AU139: =Saisie!AK139 -> 0 | AV139: {=_xlfn.IFS(Saisie!AL139="OUI",1,Saisie!AL139="NON",0)} -> #N/A | AW139: =Saisie!AM139 -> 0 | AX139: =Saisie!AN139 -> 0 | AY139: =Saisie!AO139 -> 0 | AZ139: =Saisie!AP139 -> 0 | BA139: =Saisie!AQ139 -> 0 | BB139: =Saisie!AR139 -> 0 | BC139: =Saisie!AS139 -> 0 | BD139: =Saisie!AT139 -> 0 | BE139: {=_xlfn.IFS(Saisie!AU139="OUI",1,Saisie!AU139="NON",0)} -> #N/A | BF139: =Saisie!AV139 -> 0 | BG139: =Saisie!AW139 -> 0 | BH139: {=_xlfn.IFS(Saisie!AX139="OUI",1,Saisie!AX139="NON",0)} -> #N/A | BI139: =Saisie!AY139 -> 0 | BJ139: {=_xlfn.IFS(Saisie!AZ139="OUI",1,Saisie!AZ139="NON",0)} -> #N/A | BK139: {=_xlfn.IFS(Saisie!BA139="OUI",1,Saisie!BA139="NON",0)} -> #N/A | BL139: =Saisie!BB139 -> 0 | BM139: =Saisie!BC139 -> #REF!
A140: 134 | B140: =Saisie!B140 -> 0 | C140: =Saisie!C140 -> 0 | D140: =Saisie!D140 -> 0 | E140: =Saisie!E140 -> 0 | F140: =Saisie!F140 -> 0 | G140: =Saisie!G140 -> 0 | H140: =Saisie!I140 -> 0 | I140: =Saisie!J140 -> 0 | J140: =Saisie!K140 -> 0 | K140: =Saisie!L140 -> 0 | L140: =Saisie!#REF! -> #REF! | M140: {=_xlfn.IFS(Saisie!M140="OUI",1,Saisie!M140="NON",0)} -> #N/A | N140: =Saisie!#REF! -> #REF! | O140: =Saisie!#REF! -> #REF! | P140: =Saisie!N140 -> 0 | Q140: {=_xlfn.IFS(Saisie!#REF!="OUI",1,Saisie!#REF!="NON",0)} -> #REF! | R140: =Saisie!#REF! -> #REF! | S140: =Saisie!#REF! -> #REF! | T140: =Saisie!#REF! -> #REF! | U140: =Saisie!#REF! -> #REF! | V140: {=_xlfn.IFS(Saisie!#REF!="OUI",1,Saisie!#REF!="NON",0)} -> #REF! | W140: {=_xlfn.IFS(Saisie!O140="OUI",1,Saisie!O140="NON",0)} -> #N/A | X140: =Saisie!P140 -> 0 | Y140: =Saisie!H140 -> 0 | Z140: =Saisie!#REF! -> #REF! | AA140: =Saisie!Q140 -> 0 | AB140: {=_xlfn.IFS(Saisie!R140="OUI",1,Saisie!R140="NON",0)} -> #N/A | AC140: =Saisie!S140 -> 0 | AD140: {=_xlfn.IFS(Saisie!T140="OUI",1,Saisie!T140="NON",0)} -> #N/A | AE140: =Saisie!U140 -> 0 | AF140: 3 | AG140: =Saisie!W140 -> 0 | AH140: =Saisie!X140 -> 0 | AI140: =Saisie!Y140 -> 0 | AJ140: =Saisie!Z140 -> 0 | AK140: =Saisie!AA140 -> 0 | AL140: =Saisie!AB140 -> 0 | AM140: =Saisie!AC140 -> 0 | AN140: =Saisie!AD140 -> 0 | ... AP140: =Saisie!AF140 -> 0 | AQ140: {=_xlfn.IFS(Saisie!AG140="OUI",1,Saisie!AG140="NON",0)} -> #N/A | AR140: {=_xlfn.IFS(Saisie!AH140="OUI",1,Saisie!AH140="NON",0)} -> #N/A | AS140: =Saisie!AI140 -> 0 | AT140: {=_xlfn.IFS(Saisie!AJ140="OUI",1,Saisie!AJ140="NON",0)} -> #N/A | AU140: =Saisie!AK140 -> 0 | AV140: {=_xlfn.IFS(Saisie!AL140="OUI",1,Saisie!AL140="NON",0)} -> #N/A | AW140: =Saisie!AM140 -> 0 | AX140: =Saisie!AN140 -> 0 | AY140: =Saisie!AO140 -> 0 | AZ140: =Saisie!AP140 -> 0 | BA140: =Saisie!AQ140 -> 0 | BB140: =Saisie!AR140 -> 0 | BC140: =Saisie!AS140 -> 0 | BD140: =Saisie!AT140 -> 0 | BE140: {=_xlfn.IFS(Saisie!AU140="OUI",1,Saisie!AU140="NON",0)} -> #N/A | BF140: =Saisie!AV140 -> 0 | BG140: =Saisie!AW140 -> 0 | BH140: {=_xlfn.IFS(Saisie!AX140="OUI",1,Saisie!AX140="NON",0)} -> #N/A | BI140: =Saisie!AY140 -> 0 | BJ140: {=_xlfn.IFS(Saisie!AZ140="OUI",1,Saisie!AZ140="NON",0)} -> #N/A | BK140: {=_xlfn.IFS(Saisie!BA140="OUI",1,Saisie!BA140="NON",0)} -> #N/A | BL140: =Saisie!BB140 -> 0 | BM140: =Saisie!BC140 -> #REF!
A141: 135 | B141: =Saisie!B141 -> 0 | C141: =Saisie!C141 -> 0 | D141: =Saisie!D141 -> 0 | E141: =Saisie!E141 -> 0 | F141: =Saisie!F141 -> 0 | G141: =Saisie!G141 -> 0 | H141: =Saisie!I141 -> 0 | I141: =Saisie!J141 -> 0 | J141: =Saisie!K141 -> 0 | K141: =Saisie!L141 -> 0 | L141: =Saisie!#REF! -> #REF! | M141: {=_xlfn.IFS(Saisie!M141="OUI",1,Saisie!M141="NON",0)} -> #N/A | N141: =Saisie!#REF! -> #REF! | O141: =Saisie!#REF! -> #REF! | P141: =Saisie!N141 -> 0 | Q141: {=_xlfn.IFS(Saisie!#REF!="OUI",1,Saisie!#REF!="NON",0)} -> #REF! | R141: =Saisie!#REF! -> #REF! | S141: =Saisie!#REF! -> #REF! | T141: =Saisie!#REF! -> #REF! | U141: =Saisie!#REF! -> #REF! | V141: {=_xlfn.IFS(Saisie!#REF!="OUI",1,Saisie!#REF!="NON",0)} -> #REF! | W141: {=_xlfn.IFS(Saisie!O141="OUI",1,Saisie!O141="NON",0)} -> #N/A | X141: =Saisie!P141 -> 0 | Y141: =Saisie!H141 -> 0 | Z141: =Saisie!#REF! -> #REF! | AA141: =Saisie!Q141 -> 0 | AB141: {=_xlfn.IFS(Saisie!R141="OUI",1,Saisie!R141="NON",0)} -> #N/A | AC141: =Saisie!S141 -> 0 | AD141: {=_xlfn.IFS(Saisie!T141="OUI",1,Saisie!T141="NON",0)} -> #N/A | AE141: =Saisie!U141 -> 0 | AF141: 3 | AG141: =Saisie!W141 -> 0 | AH141: =Saisie!X141 -> 0 | AI141: =Saisie!Y141 -> 0 | AJ141: =Saisie!Z141 -> 0 | AK141: =Saisie!AA141 -> 0 | AL141: =Saisie!AB141 -> 0 | AM141: =Saisie!AC141 -> 0 | AN141: =Saisie!AD141 -> 0 | ... AP141: =Saisie!AF141 -> 0 | AQ141: {=_xlfn.IFS(Saisie!AG141="OUI",1,Saisie!AG141="NON",0)} -> #N/A | AR141: {=_xlfn.IFS(Saisie!AH141="OUI",1,Saisie!AH141="NON",0)} -> #N/A | AS141: =Saisie!AI141 -> 0 | AT141: {=_xlfn.IFS(Saisie!AJ141="OUI",1,Saisie!AJ141="NON",0)} -> #N/A | AU141: =Saisie!AK141 -> 0 | AV141: {=_xlfn.IFS(Saisie!AL141="OUI",1,Saisie!AL141="NON",0)} -> #N/A | AW141: =Saisie!AM141 -> 0 | AX141: =Saisie!AN141 -> 0 | AY141: =Saisie!AO141 -> 0 | AZ141: =Saisie!AP141 -> 0 | BA141: =Saisie!AQ141 -> 0 | BB141: =Saisie!AR141 -> 0 | BC141: =Saisie!AS141 -> 0 | BD141: =Saisie!AT141 -> 0 | BE141: {=_xlfn.IFS(Saisie!AU141="OUI",1,Saisie!AU141="NON",0)} -> #N/A | BF141: =Saisie!AV141 -> 0 | BG141: =Saisie!AW141 -> 0 | BH141: {=_xlfn.IFS(Saisie!AX141="OUI",1,Saisie!AX141="NON",0)} -> #N/A | BI141: =Saisie!AY141 -> 0 | BJ141: {=_xlfn.IFS(Saisie!AZ141="OUI",1,Saisie!AZ141="NON",0)} -> #N/A | BK141: {=_xlfn.IFS(Saisie!BA141="OUI",1,Saisie!BA141="NON",0)} -> #N/A | BL141: =Saisie!BB141 -> 0 | BM141: =Saisie!BC141 -> #REF!
A142: 136 | B142: =Saisie!B142 -> 0 | C142: =Saisie!C142 -> 0 | D142: =Saisie!D142 -> 0 | E142: =Saisie!E142 -> 0 | F142: =Saisie!F142 -> 0 | G142: =Saisie!G142 -> 0 | H142: =Saisie!I142 -> 0 | I142: =Saisie!J142 -> 0 | J142: =Saisie!K142 -> 0 | K142: =Saisie!L142 -> 0 | L142: =Saisie!#REF! -> #REF! | M142: {=_xlfn.IFS(Saisie!M142="OUI",1,Saisie!M142="NON",0)} -> #N/A | N142: =Saisie!#REF! -> #REF! | O142: =Saisie!#REF! -> #REF! | P142: =Saisie!N142 -> 0 | Q142: {=_xlfn.IFS(Saisie!#REF!="OUI",1,Saisie!#REF!="NON",0)} -> #REF! | R142: =Saisie!#REF! -> #REF! | S142: =Saisie!#REF! -> #REF! | T142: =Saisie!#REF! -> #REF! | U142: =Saisie!#REF! -> #REF! | V142: {=_xlfn.IFS(Saisie!#REF!="OUI",1,Saisie!#REF!="NON",0)} -> #REF! | W142: {=_xlfn.IFS(Saisie!O142="OUI",1,Saisie!O142="NON",0)} -> #N/A | X142: =Saisie!P142 -> 0 | Y142: =Saisie!H142 -> 0 | Z142: =Saisie!#REF! -> #REF! | AA142: =Saisie!Q142 -> 0 | AB142: {=_xlfn.IFS(Saisie!R142="OUI",1,Saisie!R142="NON",0)} -> #N/A | AC142: =Saisie!S142 -> 0 | AD142: {=_xlfn.IFS(Saisie!T142="OUI",1,Saisie!T142="NON",0)} -> #N/A | AE142: =Saisie!U142 -> 0 | AF142: 3 | AG142: =Saisie!W142 -> 0 | AH142: =Saisie!X142 -> 0 | AI142: =Saisie!Y142 -> 0 | AJ142: =Saisie!Z142 -> 0 | AK142: =Saisie!AA142 -> 0 | AL142: =Saisie!AB142 -> 0 | AM142: =Saisie!AC142 -> 0 | AN142: =Saisie!AD142 -> 0 | ... AP142: =Saisie!AF142 -> 0 | AQ142: {=_xlfn.IFS(Saisie!AG142="OUI",1,Saisie!AG142="NON",0)} -> #N/A | AR142: {=_xlfn.IFS(Saisie!AH142="OUI",1,Saisie!AH142="NON",0)} -> #N/A | AS142: =Saisie!AI142 -> 0 | AT142: {=_xlfn.IFS(Saisie!AJ142="OUI",1,Saisie!AJ142="NON",0)} -> #N/A | AU142: =Saisie!AK142 -> 0 | AV142: {=_xlfn.IFS(Saisie!AL142="OUI",1,Saisie!AL142="NON",0)} -> #N/A | AW142: =Saisie!AM142 -> 0 | AX142: =Saisie!AN142 -> 0 | AY142: =Saisie!AO142 -> 0 | AZ142: =Saisie!AP142 -> 0 | BA142: =Saisie!AQ142 -> 0 | BB142: =Saisie!AR142 -> 0 | BC142: =Saisie!AS142 -> 0 | BD142: =Saisie!AT142 -> 0 | BE142: {=_xlfn.IFS(Saisie!AU142="OUI",1,Saisie!AU142="NON",0)} -> #N/A | BF142: =Saisie!AV142 -> 0 | BG142: =Saisie!AW142 -> 0 | BH142: {=_xlfn.IFS(Saisie!AX142="OUI",1,Saisie!AX142="NON",0)} -> #N/A | BI142: =Saisie!AY142 -> 0 | BJ142: {=_xlfn.IFS(Saisie!AZ142="OUI",1,Saisie!AZ142="NON",0)} -> #N/A | BK142: {=_xlfn.IFS(Saisie!BA142="OUI",1,Saisie!BA142="NON",0)} -> #N/A | BL142: =Saisie!BB142 -> 0 | BM142: =Saisie!BC142 -> #REF!
A143: 137 | B143: =Saisie!B143 -> 0 | C143: =Saisie!C143 -> 0 | D143: =Saisie!D143 -> 0 | E143: =Saisie!E143 -> 0 | F143: =Saisie!F143 -> 0 | G143: =Saisie!G143 -> 0 | H143: =Saisie!I143 -> 0 | I143: =Saisie!J143 -> 0 | J143: =Saisie!K143 -> 0 | K143: =Saisie!L143 -> 0 | L143: =Saisie!#REF! -> #REF! | M143: {=_xlfn.IFS(Saisie!M143="OUI",1,Saisie!M143="NON",0)} -> #N/A | N143: =Saisie!#REF! -> #REF! | O143: =Saisie!#REF! -> #REF! | P143: =Saisie!N143 -> 0 | Q143: {=_xlfn.IFS(Saisie!#REF!="OUI",1,Saisie!#REF!="NON",0)} -> #REF! | R143: =Saisie!#REF! -> #REF! | S143: =Saisie!#REF! -> #REF! | T143: =Saisie!#REF! -> #REF! | U143: =Saisie!#REF! -> #REF! | V143: {=_xlfn.IFS(Saisie!#REF!="OUI",1,Saisie!#REF!="NON",0)} -> #REF! | W143: {=_xlfn.IFS(Saisie!O143="OUI",1,Saisie!O143="NON",0)} -> #N/A | X143: =Saisie!P143 -> 0 | Y143: =Saisie!H143 -> 0 | Z143: =Saisie!#REF! -> #REF! | AA143: =Saisie!Q143 -> 0 | AB143: {=_xlfn.IFS(Saisie!R143="OUI",1,Saisie!R143="NON",0)} -> #N/A | AC143: =Saisie!S143 -> 0 | AD143: {=_xlfn.IFS(Saisie!T143="OUI",1,Saisie!T143="NON",0)} -> #N/A | AE143: =Saisie!U143 -> 0 | AF143: 3 | AG143: =Saisie!W143 -> 0 | AH143: =Saisie!X143 -> 0 | AI143: =Saisie!Y143 -> 0 | AJ143: =Saisie!Z143 -> 0 | AK143: =Saisie!AA143 -> 0 | AL143: =Saisie!AB143 -> 0 | AM143: =Saisie!AC143 -> 0 | AN143: =Saisie!AD143 -> 0 | ... AP143: =Saisie!AF143 -> 0 | AQ143: {=_xlfn.IFS(Saisie!AG143="OUI",1,Saisie!AG143="NON",0)} -> #N/A | AR143: {=_xlfn.IFS(Saisie!AH143="OUI",1,Saisie!AH143="NON",0)} -> #N/A | AS143: =Saisie!AI143 -> 0 | AT143: {=_xlfn.IFS(Saisie!AJ143="OUI",1,Saisie!AJ143="NON",0)} -> #N/A | AU143: =Saisie!AK143 -> 0 | AV143: {=_xlfn.IFS(Saisie!AL143="OUI",1,Saisie!AL143="NON",0)} -> #N/A | AW143: =Saisie!AM143 -> 0 | AX143: =Saisie!AN143 -> 0 | AY143: =Saisie!AO143 -> 0 | AZ143: =Saisie!AP143 -> 0 | BA143: =Saisie!AQ143 -> 0 | BB143: =Saisie!AR143 -> 0 | BC143: =Saisie!AS143 -> 0 | BD143: =Saisie!AT143 -> 0 | BE143: {=_xlfn.IFS(Saisie!AU143="OUI",1,Saisie!AU143="NON",0)} -> #N/A | BF143: =Saisie!AV143 -> 0 | BG143: =Saisie!AW143 -> 0 | BH143: {=_xlfn.IFS(Saisie!AX143="OUI",1,Saisie!AX143="NON",0)} -> #N/A | BI143: =Saisie!AY143 -> 0 | BJ143: {=_xlfn.IFS(Saisie!AZ143="OUI",1,Saisie!AZ143="NON",0)} -> #N/A | BK143: {=_xlfn.IFS(Saisie!BA143="OUI",1,Saisie!BA143="NON",0)} -> #N/A | BL143: =Saisie!BB143 -> 0 | BM143: =Saisie!BC143 -> 0
A144: 138 | B144: =Saisie!B144 -> 0 | C144: =Saisie!C144 -> 0 | D144: =Saisie!D144 -> 0 | E144: =Saisie!E144 -> 0 | F144: =Saisie!F144 -> 0 | G144: =Saisie!G144 -> 0 | H144: =Saisie!I144 -> 0 | I144: =Saisie!J144 -> 0 | J144: =Saisie!K144 -> 0 | K144: =Saisie!L144 -> 0 | L144: =Saisie!#REF! -> #REF! | M144: {=_xlfn.IFS(Saisie!M144="OUI",1,Saisie!M144="NON",0)} -> #N/A | N144: =Saisie!#REF! -> #REF! | O144: =Saisie!#REF! -> #REF! | P144: =Saisie!N144 -> 0 | Q144: {=_xlfn.IFS(Saisie!#REF!="OUI",1,Saisie!#REF!="NON",0)} -> #REF! | R144: =Saisie!#REF! -> #REF! | S144: =Saisie!#REF! -> #REF! | T144: =Saisie!#REF! -> #REF! | U144: =Saisie!#REF! -> #REF! | V144: {=_xlfn.IFS(Saisie!#REF!="OUI",1,Saisie!#REF!="NON",0)} -> #REF! | W144: {=_xlfn.IFS(Saisie!O144="OUI",1,Saisie!O144="NON",0)} -> #N/A | X144: =Saisie!P144 -> 0 | Y144: =Saisie!H144 -> 0 | Z144: =Saisie!#REF! -> #REF! | AA144: =Saisie!Q144 -> 0 | AB144: {=_xlfn.IFS(Saisie!R144="OUI",1,Saisie!R144="NON",0)} -> #N/A | AC144: =Saisie!S144 -> 0 | AD144: {=_xlfn.IFS(Saisie!T144="OUI",1,Saisie!T144="NON",0)} -> #N/A | AE144: =Saisie!U144 -> 0 | AF144: 3 | AG144: =Saisie!W144 -> 0 | AH144: =Saisie!X144 -> 0 | AI144: =Saisie!Y144 -> 0 | AJ144: =Saisie!Z144 -> 0 | AK144: =Saisie!AA144 -> 0 | AL144: =Saisie!AB144 -> 0 | AM144: =Saisie!AC144 -> 0 | AN144: =Saisie!AD144 -> 0 | ... AP144: =Saisie!AF144 -> 0 | AQ144: {=_xlfn.IFS(Saisie!AG144="OUI",1,Saisie!AG144="NON",0)} -> #N/A | AR144: {=_xlfn.IFS(Saisie!AH144="OUI",1,Saisie!AH144="NON",0)} -> #N/A | AS144: =Saisie!AI144 -> 0 | AT144: {=_xlfn.IFS(Saisie!AJ144="OUI",1,Saisie!AJ144="NON",0)} -> #N/A | AU144: =Saisie!AK144 -> 0 | AV144: {=_xlfn.IFS(Saisie!AL144="OUI",1,Saisie!AL144="NON",0)} -> #N/A | AW144: =Saisie!AM144 -> 0 | AX144: =Saisie!AN144 -> 0 | AY144: =Saisie!AO144 -> 0 | AZ144: =Saisie!AP144 -> 0 | BA144: =Saisie!AQ144 -> 0 | BB144: =Saisie!AR144 -> 0 | BC144: =Saisie!AS144 -> 0 | BD144: =Saisie!AT144 -> 0 | BE144: {=_xlfn.IFS(Saisie!AU144="OUI",1,Saisie!AU144="NON",0)} -> #N/A | BF144: =Saisie!AV144 -> 0 | BG144: =Saisie!AW144 -> 0 | BH144: {=_xlfn.IFS(Saisie!AX144="OUI",1,Saisie!AX144="NON",0)} -> #N/A | BI144: =Saisie!AY144 -> 0 | BJ144: {=_xlfn.IFS(Saisie!AZ144="OUI",1,Saisie!AZ144="NON",0)} -> #N/A | BK144: {=_xlfn.IFS(Saisie!BA144="OUI",1,Saisie!BA144="NON",0)} -> #N/A | BL144: =Saisie!BB144 -> 0 | BM144: =Saisie!BC144 -> 0
A145: 139 | B145: =Saisie!B145 -> 0 | C145: =Saisie!C145 -> 0 | D145: =Saisie!D145 -> 0 | E145: =Saisie!E145 -> 0 | F145: =Saisie!F145 -> 0 | G145: =Saisie!G145 -> 0 | H145: =Saisie!I145 -> 0 | I145: =Saisie!J145 -> 0 | J145: =Saisie!K145 -> 0 | K145: =Saisie!L145 -> 0 | L145: =Saisie!#REF! -> #REF! | M145: {=_xlfn.IFS(Saisie!M145="OUI",1,Saisie!M145="NON",0)} -> #N/A | N145: =Saisie!#REF! -> #REF! | O145: =Saisie!#REF! -> #REF! | P145: =Saisie!N145 -> 0 | Q145: {=_xlfn.IFS(Saisie!#REF!="OUI",1,Saisie!#REF!="NON",0)} -> #REF! | R145: =Saisie!#REF! -> #REF! | S145: =Saisie!#REF! -> #REF! | T145: =Saisie!#REF! -> #REF! | U145: =Saisie!#REF! -> #REF! | V145: {=_xlfn.IFS(Saisie!#REF!="OUI",1,Saisie!#REF!="NON",0)} -> #REF! | W145: {=_xlfn.IFS(Saisie!O145="OUI",1,Saisie!O145="NON",0)} -> #N/A | X145: =Saisie!P145 -> 0 | Y145: =Saisie!H145 -> 0 | Z145: =Saisie!#REF! -> #REF! | AA145: =Saisie!Q145 -> 0 | AB145: {=_xlfn.IFS(Saisie!R145="OUI",1,Saisie!R145="NON",0)} -> #N/A | AC145: =Saisie!S145 -> 0 | AD145: {=_xlfn.IFS(Saisie!T145="OUI",1,Saisie!T145="NON",0)} -> #N/A | AE145: =Saisie!U145 -> 0 | AF145: 3 | AG145: =Saisie!W145 -> 0 | AH145: =Saisie!X145 -> 0 | AI145: =Saisie!Y145 -> 0 | AJ145: =Saisie!Z145 -> 0 | AK145: =Saisie!AA145 -> 0 | AL145: =Saisie!AB145 -> 0 | AM145: =Saisie!AC145 -> 0 | AN145: =Saisie!AD145 -> 0 | ... AP145: =Saisie!AF145 -> 0 | AQ145: {=_xlfn.IFS(Saisie!AG145="OUI",1,Saisie!AG145="NON",0)} -> #N/A | AR145: {=_xlfn.IFS(Saisie!AH145="OUI",1,Saisie!AH145="NON",0)} -> #N/A | AS145: =Saisie!AI145 -> 0 | AT145: {=_xlfn.IFS(Saisie!AJ145="OUI",1,Saisie!AJ145="NON",0)} -> #N/A | AU145: =Saisie!AK145 -> 0 | AV145: {=_xlfn.IFS(Saisie!AL145="OUI",1,Saisie!AL145="NON",0)} -> #N/A | AW145: =Saisie!AM145 -> 0 | AX145: =Saisie!AN145 -> 0 | AY145: =Saisie!AO145 -> 0 | AZ145: =Saisie!AP145 -> 0 | BA145: =Saisie!AQ145 -> 0 | BB145: =Saisie!AR145 -> 0 | BC145: =Saisie!AS145 -> 0 | BD145: =Saisie!AT145 -> 0 | BE145: {=_xlfn.IFS(Saisie!AU145="OUI",1,Saisie!AU145="NON",0)} -> #N/A | BF145: =Saisie!AV145 -> 0 | BG145: =Saisie!AW145 -> 0 | BH145: {=_xlfn.IFS(Saisie!AX145="OUI",1,Saisie!AX145="NON",0)} -> #N/A | BI145: =Saisie!AY145 -> 0 | BJ145: {=_xlfn.IFS(Saisie!AZ145="OUI",1,Saisie!AZ145="NON",0)} -> #N/A | BK145: {=_xlfn.IFS(Saisie!BA145="OUI",1,Saisie!BA145="NON",0)} -> #N/A | BL145: =Saisie!BB145 -> 0 | BM145: =Saisie!BC145 -> 0
A146: 140 | B146: =Saisie!B146 -> 0 | C146: =Saisie!C146 -> 0 | D146: =Saisie!D146 -> 0 | E146: =Saisie!E146 -> 0 | F146: =Saisie!F146 -> 0 | G146: =Saisie!G146 -> 0 | H146: =Saisie!I146 -> 0 | I146: =Saisie!J146 -> 0 | J146: =Saisie!K146 -> 0 | K146: =Saisie!L146 -> 0 | L146: =Saisie!#REF! -> #REF! | M146: {=_xlfn.IFS(Saisie!M146="OUI",1,Saisie!M146="NON",0)} -> #N/A | N146: =Saisie!#REF! -> #REF! | O146: =Saisie!#REF! -> #REF! | P146: =Saisie!N146 -> 0 | Q146: {=_xlfn.IFS(Saisie!#REF!="OUI",1,Saisie!#REF!="NON",0)} -> #REF! | R146: =Saisie!#REF! -> #REF! | S146: =Saisie!#REF! -> #REF! | T146: =Saisie!#REF! -> #REF! | U146: =Saisie!#REF! -> #REF! | V146: {=_xlfn.IFS(Saisie!#REF!="OUI",1,Saisie!#REF!="NON",0)} -> #REF! | W146: {=_xlfn.IFS(Saisie!O146="OUI",1,Saisie!O146="NON",0)} -> #N/A | X146: =Saisie!P146 -> 0 | Y146: =Saisie!H146 -> 0 | Z146: =Saisie!#REF! -> #REF! | AA146: =Saisie!Q146 -> 0 | AB146: {=_xlfn.IFS(Saisie!R146="OUI",1,Saisie!R146="NON",0)} -> #N/A | AC146: =Saisie!S146 -> 0 | AD146: {=_xlfn.IFS(Saisie!T146="OUI",1,Saisie!T146="NON",0)} -> #N/A | AE146: =Saisie!U146 -> 0 | AF146: 3 | AG146: =Saisie!W146 -> 0 | AH146: =Saisie!X146 -> 0 | AI146: =Saisie!Y146 -> 0 | AJ146: =Saisie!Z146 -> 0 | AK146: =Saisie!AA146 -> 0 | AL146: =Saisie!AB146 -> 0 | AM146: =Saisie!AC146 -> 0 | AN146: =Saisie!AD146 -> 0 | ... AP146: =Saisie!AF146 -> 0 | AQ146: {=_xlfn.IFS(Saisie!AG146="OUI",1,Saisie!AG146="NON",0)} -> #N/A | AR146: {=_xlfn.IFS(Saisie!AH146="OUI",1,Saisie!AH146="NON",0)} -> #N/A | AS146: =Saisie!AI146 -> 0 | AT146: {=_xlfn.IFS(Saisie!AJ146="OUI",1,Saisie!AJ146="NON",0)} -> #N/A | AU146: =Saisie!AK146 -> 0 | AV146: {=_xlfn.IFS(Saisie!AL146="OUI",1,Saisie!AL146="NON",0)} -> #N/A | AW146: =Saisie!AM146 -> 0 | AX146: =Saisie!AN146 -> 0 | AY146: =Saisie!AO146 -> 0 | AZ146: =Saisie!AP146 -> 0 | BA146: =Saisie!AQ146 -> 0 | BB146: =Saisie!AR146 -> 0 | BC146: =Saisie!AS146 -> 0 | BD146: =Saisie!AT146 -> 0 | BE146: {=_xlfn.IFS(Saisie!AU146="OUI",1,Saisie!AU146="NON",0)} -> #N/A | BF146: =Saisie!AV146 -> 0 | BG146: =Saisie!AW146 -> 0 | BH146: {=_xlfn.IFS(Saisie!AX146="OUI",1,Saisie!AX146="NON",0)} -> #N/A | BI146: =Saisie!AY146 -> 0 | BJ146: {=_xlfn.IFS(Saisie!AZ146="OUI",1,Saisie!AZ146="NON",0)} -> #N/A | BK146: {=_xlfn.IFS(Saisie!BA146="OUI",1,Saisie!BA146="NON",0)} -> #N/A | BL146: =Saisie!BB146 -> 0 | BM146: =Saisie!BC146 -> 0
A147: 141 | B147: =Saisie!B147 -> 0 | C147: =Saisie!C147 -> 0 | D147: =Saisie!D147 -> 0 | E147: =Saisie!E147 -> 0 | F147: =Saisie!F147 -> 0 | G147: =Saisie!G147 -> 0 | H147: =Saisie!I147 -> 0 | I147: =Saisie!J147 -> 0 | J147: =Saisie!K147 -> 0 | K147: =Saisie!L147 -> 0 | L147: =Saisie!#REF! -> #REF! | M147: {=_xlfn.IFS(Saisie!M147="OUI",1,Saisie!M147="NON",0)} -> #N/A | N147: =Saisie!#REF! -> #REF! | O147: =Saisie!#REF! -> #REF! | P147: =Saisie!N147 -> 0 | Q147: {=_xlfn.IFS(Saisie!#REF!="OUI",1,Saisie!#REF!="NON",0)} -> #REF! | R147: =Saisie!#REF! -> #REF! | S147: =Saisie!#REF! -> #REF! | T147: =Saisie!#REF! -> #REF! | U147: =Saisie!#REF! -> #REF! | V147: {=_xlfn.IFS(Saisie!#REF!="OUI",1,Saisie!#REF!="NON",0)} -> #REF! | W147: {=_xlfn.IFS(Saisie!O147="OUI",1,Saisie!O147="NON",0)} -> #N/A | X147: =Saisie!P147 -> 0 | Y147: =Saisie!H147 -> 0 | Z147: =Saisie!#REF! -> #REF! | AA147: =Saisie!Q147 -> 0 | AB147: {=_xlfn.IFS(Saisie!R147="OUI",1,Saisie!R147="NON",0)} -> #N/A | AC147: =Saisie!S147 -> 0 | AD147: {=_xlfn.IFS(Saisie!T147="OUI",1,Saisie!T147="NON",0)} -> #N/A | AE147: =Saisie!U147 -> 0 | AF147: 3 | AG147: =Saisie!W147 -> 0 | AH147: =Saisie!X147 -> 0 | AI147: =Saisie!Y147 -> 0 | AJ147: =Saisie!Z147 -> 0 | AK147: =Saisie!AA147 -> 0 | AL147: =Saisie!AB147 -> 0 | AM147: =Saisie!AC147 -> 0 | AN147: =Saisie!AD147 -> 0 | ... AP147: =Saisie!AF147 -> 0 | AQ147: {=_xlfn.IFS(Saisie!AG147="OUI",1,Saisie!AG147="NON",0)} -> #N/A | AR147: {=_xlfn.IFS(Saisie!AH147="OUI",1,Saisie!AH147="NON",0)} -> #N/A | AS147: =Saisie!AI147 -> 0 | AT147: {=_xlfn.IFS(Saisie!AJ147="OUI",1,Saisie!AJ147="NON",0)} -> #N/A | AU147: =Saisie!AK147 -> 0 | AV147: {=_xlfn.IFS(Saisie!AL147="OUI",1,Saisie!AL147="NON",0)} -> #N/A | AW147: =Saisie!AM147 -> 0 | AX147: =Saisie!AN147 -> 0 | AY147: =Saisie!AO147 -> 0 | AZ147: =Saisie!AP147 -> 0 | BA147: =Saisie!AQ147 -> 0 | BB147: =Saisie!AR147 -> 0 | BC147: =Saisie!AS147 -> 0 | BD147: =Saisie!AT147 -> 0 | BE147: {=_xlfn.IFS(Saisie!AU147="OUI",1,Saisie!AU147="NON",0)} -> #N/A | BF147: =Saisie!AV147 -> 0 | BG147: =Saisie!AW147 -> 0 | BH147: {=_xlfn.IFS(Saisie!AX147="OUI",1,Saisie!AX147="NON",0)} -> #N/A | BI147: =Saisie!AY147 -> 0 | BJ147: {=_xlfn.IFS(Saisie!AZ147="OUI",1,Saisie!AZ147="NON",0)} -> #N/A | BK147: {=_xlfn.IFS(Saisie!BA147="OUI",1,Saisie!BA147="NON",0)} -> #N/A | BL147: =Saisie!BB147 -> 0 | BM147: =Saisie!BC147 -> 0
A148: 142 | B148: =Saisie!B148 -> 0 | C148: =Saisie!C148 -> 0 | D148: =Saisie!D148 -> 0 | E148: =Saisie!E148 -> 0 | F148: =Saisie!F148 -> 0 | G148: =Saisie!G148 -> 0 | H148: =Saisie!I148 -> 0 | I148: =Saisie!J148 -> 0 | J148: =Saisie!K148 -> 0 | K148: =Saisie!L148 -> 0 | L148: =Saisie!#REF! -> #REF! | M148: {=_xlfn.IFS(Saisie!M148="OUI",1,Saisie!M148="NON",0)} -> #N/A | N148: =Saisie!#REF! -> #REF! | O148: =Saisie!#REF! -> #REF! | P148: =Saisie!N148 -> 0 | Q148: {=_xlfn.IFS(Saisie!#REF!="OUI",1,Saisie!#REF!="NON",0)} -> #REF! | R148: =Saisie!#REF! -> #REF! | S148: =Saisie!#REF! -> #REF! | T148: =Saisie!#REF! -> #REF! | U148: =Saisie!#REF! -> #REF! | V148: {=_xlfn.IFS(Saisie!#REF!="OUI",1,Saisie!#REF!="NON",0)} -> #REF! | W148: {=_xlfn.IFS(Saisie!O148="OUI",1,Saisie!O148="NON",0)} -> #N/A | X148: =Saisie!P148 -> 0 | Y148: =Saisie!H148 -> 0 | Z148: =Saisie!#REF! -> #REF! | AA148: =Saisie!Q148 -> 0 | AB148: {=_xlfn.IFS(Saisie!R148="OUI",1,Saisie!R148="NON",0)} -> #N/A | AC148: =Saisie!S148 -> 0 | AD148: {=_xlfn.IFS(Saisie!T148="OUI",1,Saisie!T148="NON",0)} -> #N/A | AE148: =Saisie!U148 -> 0 | AF148: 3 | AG148: =Saisie!W148 -> 0 | AH148: =Saisie!X148 -> 0 | AI148: =Saisie!Y148 -> 0 | AJ148: =Saisie!Z148 -> 0 | AK148: =Saisie!AA148 -> 0 | AL148: =Saisie!AB148 -> 0 | AM148: =Saisie!AC148 -> 0 | AN148: =Saisie!AD148 -> 0 | ... AP148: =Saisie!AF148 -> 0 | AQ148: {=_xlfn.IFS(Saisie!AG148="OUI",1,Saisie!AG148="NON",0)} -> #N/A | AR148: {=_xlfn.IFS(Saisie!AH148="OUI",1,Saisie!AH148="NON",0)} -> #N/A | AS148: =Saisie!AI148 -> 0 | AT148: {=_xlfn.IFS(Saisie!AJ148="OUI",1,Saisie!AJ148="NON",0)} -> #N/A | AU148: =Saisie!AK148 -> 0 | AV148: {=_xlfn.IFS(Saisie!AL148="OUI",1,Saisie!AL148="NON",0)} -> #N/A | AW148: =Saisie!AM148 -> 0 | AX148: =Saisie!AN148 -> 0 | AY148: =Saisie!AO148 -> 0 | AZ148: =Saisie!AP148 -> 0 | BA148: =Saisie!AQ148 -> 0 | BB148: =Saisie!AR148 -> 0 | BC148: =Saisie!AS148 -> 0 | BD148: =Saisie!AT148 -> 0 | BE148: {=_xlfn.IFS(Saisie!AU148="OUI",1,Saisie!AU148="NON",0)} -> #N/A | BF148: =Saisie!AV148 -> 0 | BG148: =Saisie!AW148 -> 0 | BH148: {=_xlfn.IFS(Saisie!AX148="OUI",1,Saisie!AX148="NON",0)} -> #N/A | BI148: =Saisie!AY148 -> 0 | BJ148: {=_xlfn.IFS(Saisie!AZ148="OUI",1,Saisie!AZ148="NON",0)} -> #N/A | BK148: {=_xlfn.IFS(Saisie!BA148="OUI",1,Saisie!BA148="NON",0)} -> #N/A | BL148: =Saisie!BB148 -> 0 | BM148: =Saisie!BC148 -> #REF!
A149: 143 | B149: =Saisie!B149 -> 0 | C149: =Saisie!C149 -> 0 | D149: =Saisie!D149 -> 0 | E149: =Saisie!E149 -> 0 | F149: =Saisie!F149 -> 0 | G149: =Saisie!G149 -> 0 | H149: =Saisie!I149 -> 0 | I149: =Saisie!J149 -> 0 | J149: =Saisie!K149 -> 0 | K149: =Saisie!L149 -> 0 | L149: =Saisie!#REF! -> #REF! | M149: {=_xlfn.IFS(Saisie!M149="OUI",1,Saisie!M149="NON",0)} -> #N/A | N149: =Saisie!#REF! -> #REF! | O149: =Saisie!#REF! -> #REF! | P149: =Saisie!N149 -> 0 | Q149: {=_xlfn.IFS(Saisie!#REF!="OUI",1,Saisie!#REF!="NON",0)} -> #REF! | R149: =Saisie!#REF! -> #REF! | S149: =Saisie!#REF! -> #REF! | T149: =Saisie!#REF! -> #REF! | U149: =Saisie!#REF! -> #REF! | V149: {=_xlfn.IFS(Saisie!#REF!="OUI",1,Saisie!#REF!="NON",0)} -> #REF! | W149: {=_xlfn.IFS(Saisie!O149="OUI",1,Saisie!O149="NON",0)} -> #N/A | X149: =Saisie!P149 -> 0 | Y149: =Saisie!H149 -> 0 | Z149: =Saisie!#REF! -> #REF! | AA149: =Saisie!Q149 -> 0 | AB149: {=_xlfn.IFS(Saisie!R149="OUI",1,Saisie!R149="NON",0)} -> #N/A | AC149: =Saisie!S149 -> 0 | AD149: {=_xlfn.IFS(Saisie!T149="OUI",1,Saisie!T149="NON",0)} -> #N/A | AE149: =Saisie!U149 -> 0 | AF149: 1 | AG149: =Saisie!W149 -> 0 | AH149: =Saisie!X149 -> 0 | AI149: =Saisie!Y149 -> 0 | AJ149: =Saisie!Z149 -> 0 | AK149: =Saisie!AA149 -> 0 | AL149: =Saisie!AB149 -> 0 | AM149: =Saisie!AC149 -> 0 | AN149: =Saisie!AD149 -> 0 | ... AP149: =Saisie!AF149 -> 0 | AQ149: {=_xlfn.IFS(Saisie!AG149="OUI",1,Saisie!AG149="NON",0)} -> #N/A | AR149: {=_xlfn.IFS(Saisie!AH149="OUI",1,Saisie!AH149="NON",0)} -> #N/A | AS149: =Saisie!AI149 -> 0 | AT149: {=_xlfn.IFS(Saisie!AJ149="OUI",1,Saisie!AJ149="NON",0)} -> #N/A | AU149: =Saisie!AK149 -> 0 | AV149: {=_xlfn.IFS(Saisie!AL149="OUI",1,Saisie!AL149="NON",0)} -> #N/A | AW149: =Saisie!AM149 -> 0 | AX149: =Saisie!AN149 -> 0 | AY149: =Saisie!AO149 -> 0 | AZ149: =Saisie!AP149 -> 0 | BA149: =Saisie!AQ149 -> 0 | BB149: =Saisie!AR149 -> 0 | BC149: =Saisie!AS149 -> 0 | BD149: =Saisie!AT149 -> 0 | BE149: {=_xlfn.IFS(Saisie!AU149="OUI",1,Saisie!AU149="NON",0)} -> #N/A | BF149: =Saisie!AV149 -> 0 | BG149: =Saisie!AW149 -> 0 | BH149: {=_xlfn.IFS(Saisie!AX149="OUI",1,Saisie!AX149="NON",0)} -> #N/A | BI149: =Saisie!AY149 -> 0 | BJ149: {=_xlfn.IFS(Saisie!AZ149="OUI",1,Saisie!AZ149="NON",0)} -> #N/A | BK149: {=_xlfn.IFS(Saisie!BA149="OUI",1,Saisie!BA149="NON",0)} -> #N/A | BL149: =Saisie!BB149 -> 0 | BM149: =Saisie!BC149 -> #REF!
... A308: 302 | B308: =Saisie!B308 -> 0 | C308: =Saisie!C308 -> 0 | D308: =Saisie!D308 -> 0 | E308: =Saisie!E308 -> 0 | F308: =Saisie!F308 -> 0 | G308: =Saisie!G308 -> 0 | H308: =Saisie!I308 -> 0 | I308: =Saisie!J308 -> 0 | J308: =Saisie!K308 -> 0 | K308: =Saisie!L308 -> 0 | L308: =Saisie!#REF! -> #REF! | M308: {=_xlfn.IFS(Saisie!M308="OUI",1,Saisie!M308="NON",0)} -> #N/A | N308: =Saisie!#REF! -> #REF! | O308: =Saisie!#REF! -> #REF! | P308: =Saisie!N308 -> 0 | Q308: {=_xlfn.IFS(Saisie!#REF!="OUI",1,Saisie!#REF!="NON",0)} -> #REF! | R308: =Saisie!#REF! -> #REF! | S308: =Saisie!#REF! -> #REF! | T308: =Saisie!#REF! -> #REF! | U308: =Saisie!#REF! -> #REF! | V308: {=_xlfn.IFS(Saisie!#REF!="OUI",1,Saisie!#REF!="NON",0)} -> #REF! | W308: {=_xlfn.IFS(Saisie!O308="OUI",1,Saisie!O308="NON",0)} -> #N/A | X308: =Saisie!P308 -> 0 | Y308: =Saisie!H308 -> 0 | Z308: =Saisie!#REF! -> #REF! | AA308: =Saisie!Q308 -> 0 | AB308: {=_xlfn.IFS(Saisie!R308="OUI",1,Saisie!R308="NON",0)} -> #N/A | AC308: =Saisie!S308 -> 0 | AD308: {=_xlfn.IFS(Saisie!T308="OUI",1,Saisie!T308="NON",0)} -> #N/A | AE308: =Saisie!U308 -> 0 | AF308: 3 | AG308: =Saisie!W308 -> 0 | AH308: =Saisie!X308 -> 0 | AI308: =Saisie!Y308 -> 0 | AJ308: =Saisie!Z308 -> 0 | AK308: =Saisie!AA308 -> 0 | AL308: =Saisie!AB308 -> 0 | AM308: =Saisie!AC308 -> 0 | AN308: =Saisie!AD308 -> 0 | ... AP308: =Saisie!AF308 -> 0 | AQ308: {=_xlfn.IFS(Saisie!AG308="OUI",1,Saisie!AG308="NON",0)} -> #N/A | AR308: {=_xlfn.IFS(Saisie!AH308="OUI",1,Saisie!AH308="NON",0)} -> #N/A | AS308: =Saisie!AI308 -> 0 | AT308: {=_xlfn.IFS(Saisie!AJ308="OUI",1,Saisie!AJ308="NON",0)} -> #N/A | AU308: =Saisie!AK308 -> 0 | AV308: {=_xlfn.IFS(Saisie!AL308="OUI",1,Saisie!AL308="NON",0)} -> #N/A | AW308: =Saisie!AM308 -> 0 | AX308: =Saisie!AN308 -> 0 | AY308: =Saisie!AO308 -> 0 | AZ308: =Saisie!AP308 -> 0 | BA308: =Saisie!AQ308 -> 0 | BB308: =Saisie!AR308 -> 0 | BC308: =Saisie!AS308 -> 0 | BD308: =Saisie!AT308 -> 0 | BE308: {=_xlfn.IFS(Saisie!AU308="OUI",1,Saisie!AU308="NON",0)} -> #N/A | BF308: =Saisie!AV308 -> 0 | BG308: =Saisie!AW308 -> 0 | BH308: {=_xlfn.IFS(Saisie!AX308="OUI",1,Saisie!AX308="NON",0)} -> #N/A | BI308: =Saisie!AY308 -> 0 | BJ308: {=_xlfn.IFS(Saisie!AZ308="OUI",1,Saisie!AZ308="NON",0)} -> #N/A | BK308: {=_xlfn.IFS(Saisie!BA308="OUI",1,Saisie!BA308="NON",0)} -> #N/A | BL308: =Saisie!BB308 -> 0 | BM308: =Saisie!BC308 -> #REF!
A309: 303 | B309: =Saisie!B309 -> 0 | C309: =Saisie!C309 -> 0 | D309: =Saisie!D309 -> 0 | E309: =Saisie!E309 -> 0 | F309: =Saisie!F309 -> 0 | G309: =Saisie!G309 -> 0 | H309: =Saisie!I309 -> 0 | I309: =Saisie!J309 -> 0 | J309: =Saisie!K309 -> 0 | K309: =Saisie!L309 -> 0 | L309: =Saisie!#REF! -> #REF! | M309: {=_xlfn.IFS(Saisie!M309="OUI",1,Saisie!M309="NON",0)} -> #N/A | N309: =Saisie!#REF! -> #REF! | O309: =Saisie!#REF! -> #REF! | P309: =Saisie!N309 -> 0 | Q309: {=_xlfn.IFS(Saisie!#REF!="OUI",1,Saisie!#REF!="NON",0)} -> #REF! | R309: =Saisie!#REF! -> #REF! | S309: =Saisie!#REF! -> #REF! | T309: =Saisie!#REF! -> #REF! | U309: =Saisie!#REF! -> #REF! | V309: {=_xlfn.IFS(Saisie!#REF!="OUI",1,Saisie!#REF!="NON",0)} -> #REF! | W309: {=_xlfn.IFS(Saisie!O309="OUI",1,Saisie!O309="NON",0)} -> #N/A | X309: =Saisie!P309 -> 0 | Y309: =Saisie!H309 -> 0 | Z309: =Saisie!#REF! -> #REF! | AA309: =Saisie!Q309 -> 0 | AB309: {=_xlfn.IFS(Saisie!R309="OUI",1,Saisie!R309="NON",0)} -> #N/A | AC309: =Saisie!S309 -> 0 | AD309: {=_xlfn.IFS(Saisie!T309="OUI",1,Saisie!T309="NON",0)} -> #N/A | AE309: =Saisie!U309 -> 0 | AG309: =Saisie!W309 -> 0 | AH309: =Saisie!X309 -> 0 | AI309: =Saisie!Y309 -> 0 | AJ309: =Saisie!Z309 -> 0 | AK309: =Saisie!AA309 -> 0 | AL309: =Saisie!AB309 -> 0 | AM309: =Saisie!AC309 -> 0 | AN309: =Saisie!AD309 -> 0 | ... AP309: =Saisie!AF309 -> 0 | AQ309: {=_xlfn.IFS(Saisie!AG309="OUI",1,Saisie!AG309="NON",0)} -> #N/A | AR309: {=_xlfn.IFS(Saisie!AH309="OUI",1,Saisie!AH309="NON",0)} -> #N/A | AS309: =Saisie!AI309 -> 0 | AT309: {=_xlfn.IFS(Saisie!AJ309="OUI",1,Saisie!AJ309="NON",0)} -> #N/A | AU309: =Saisie!AK309 -> 0 | AV309: {=_xlfn.IFS(Saisie!AL309="OUI",1,Saisie!AL309="NON",0)} -> #N/A | AW309: =Saisie!AM309 -> 0 | AX309: =Saisie!AN309 -> 0 | AY309: =Saisie!AO309 -> 0 | AZ309: =Saisie!AP309 -> 0 | BA309: =Saisie!AQ309 -> 0 | BB309: =Saisie!AR309 -> 0 | BC309: =Saisie!AS309 -> 0 | BD309: =Saisie!AT309 -> 0 | BE309: {=_xlfn.IFS(Saisie!AU309="OUI",1,Saisie!AU309="NON",0)} -> #N/A | BF309: =Saisie!AV309 -> 0 | BG309: =Saisie!AW309 -> 0 | BH309: {=_xlfn.IFS(Saisie!AX309="OUI",1,Saisie!AX309="NON",0)} -> #N/A | BI309: =Saisie!AY309 -> 0 | BJ309: {=_xlfn.IFS(Saisie!AZ309="OUI",1,Saisie!AZ309="NON",0)} -> #N/A | BK309: {=_xlfn.IFS(Saisie!BA309="OUI",1,Saisie!BA309="NON",0)} -> #N/A | BL309: =Saisie!BB309 -> 0 | BM309: =Saisie!BC309 -> #REF!
A310: 304 | B310: =Saisie!B310 -> 0 | C310: =Saisie!C310 -> 0 | D310: =Saisie!D310 -> 0 | E310: =Saisie!E310 -> 0 | F310: =Saisie!F310 -> 0 | G310: =Saisie!G310 -> 0 | H310: =Saisie!I310 -> 0 | I310: =Saisie!J310 -> 0 | J310: =Saisie!K310 -> 0 | K310: =Saisie!L310 -> 0 | L310: =Saisie!#REF! -> #REF! | M310: {=_xlfn.IFS(Saisie!M310="OUI",1,Saisie!M310="NON",0)} -> #N/A | N310: =Saisie!#REF! -> #REF! | O310: =Saisie!#REF! -> #REF! | P310: =Saisie!N310 -> 0 | Q310: {=_xlfn.IFS(Saisie!#REF!="OUI",1,Saisie!#REF!="NON",0)} -> #REF! | R310: =Saisie!#REF! -> #REF! | S310: =Saisie!#REF! -> #REF! | T310: =Saisie!#REF! -> #REF! | U310: =Saisie!#REF! -> #REF! | V310: {=_xlfn.IFS(Saisie!#REF!="OUI",1,Saisie!#REF!="NON",0)} -> #REF! | W310: {=_xlfn.IFS(Saisie!O310="OUI",1,Saisie!O310="NON",0)} -> #N/A | X310: =Saisie!P310 -> 0 | Y310: =Saisie!H310 -> 0 | Z310: =Saisie!#REF! -> #REF! | AA310: =Saisie!Q310 -> 0 | AB310: {=_xlfn.IFS(Saisie!R310="OUI",1,Saisie!R310="NON",0)} -> #N/A | AC310: =Saisie!S310 -> 0 | AD310: {=_xlfn.IFS(Saisie!T310="OUI",1,Saisie!T310="NON",0)} -> #N/A | AE310: =Saisie!U310 -> 0 | AF310: 3 | AG310: =Saisie!W310 -> 0 | AH310: =Saisie!X310 -> 0 | AI310: =Saisie!Y310 -> 0 | AJ310: =Saisie!Z310 -> 0 | AK310: =Saisie!AA310 -> 0 | AL310: =Saisie!AB310 -> 0 | AM310: =Saisie!AC310 -> 0 | AN310: =Saisie!AD310 -> 0 | ... AP310: =Saisie!AF310 -> 0 | AQ310: {=_xlfn.IFS(Saisie!AG310="OUI",1,Saisie!AG310="NON",0)} -> #N/A | AR310: {=_xlfn.IFS(Saisie!AH310="OUI",1,Saisie!AH310="NON",0)} -> #N/A | AS310: =Saisie!AI310 -> 0 | AT310: {=_xlfn.IFS(Saisie!AJ310="OUI",1,Saisie!AJ310="NON",0)} -> #N/A | AU310: =Saisie!AK310 -> 0 | AV310: {=_xlfn.IFS(Saisie!AL310="OUI",1,Saisie!AL310="NON",0)} -> #N/A | AW310: =Saisie!AM310 -> 0 | AX310: =Saisie!AN310 -> 0 | AY310: =Saisie!AO310 -> 0 | AZ310: =Saisie!AP310 -> 0 | BA310: =Saisie!AQ310 -> 0 | BB310: =Saisie!AR310 -> 0 | BC310: =Saisie!AS310 -> 0 | BD310: =Saisie!AT310 -> 0 | BE310: {=_xlfn.IFS(Saisie!AU310="OUI",1,Saisie!AU310="NON",0)} -> #N/A | BF310: =Saisie!AV310 -> 0 | BG310: =Saisie!AW310 -> 0 | BH310: {=_xlfn.IFS(Saisie!AX310="OUI",1,Saisie!AX310="NON",0)} -> #N/A | BI310: =Saisie!AY310 -> 0 | BJ310: {=_xlfn.IFS(Saisie!AZ310="OUI",1,Saisie!AZ310="NON",0)} -> #N/A | BK310: {=_xlfn.IFS(Saisie!BA310="OUI",1,Saisie!BA310="NON",0)} -> #N/A | BL310: =Saisie!BB310 -> 0 | BM310: =Saisie!BC310 -> #REF!
A311: 305 | B311: =Saisie!B311 -> 0 | C311: =Saisie!C311 -> 0 | D311: =Saisie!D311 -> 0 | E311: =Saisie!E311 -> 0 | F311: =Saisie!F311 -> 0 | G311: =Saisie!G311 -> 0 | H311: =Saisie!I311 -> 0 | I311: =Saisie!J311 -> 0 | J311: =Saisie!K311 -> 0 | K311: =Saisie!L311 -> 0 | L311: =Saisie!#REF! -> #REF! | M311: {=_xlfn.IFS(Saisie!M311="OUI",1,Saisie!M311="NON",0)} -> #N/A | N311: =Saisie!#REF! -> #REF! | O311: =Saisie!#REF! -> #REF! | P311: =Saisie!N311 -> 0 | Q311: {=_xlfn.IFS(Saisie!#REF!="OUI",1,Saisie!#REF!="NON",0)} -> #REF! | R311: =Saisie!#REF! -> #REF! | S311: =Saisie!#REF! -> #REF! | T311: =Saisie!#REF! -> #REF! | U311: =Saisie!#REF! -> #REF! | V311: {=_xlfn.IFS(Saisie!#REF!="OUI",1,Saisie!#REF!="NON",0)} -> #REF! | W311: {=_xlfn.IFS(Saisie!O311="OUI",1,Saisie!O311="NON",0)} -> #N/A | X311: =Saisie!P311 -> 0 | Y311: =Saisie!H311 -> 0 | Z311: =Saisie!#REF! -> #REF! | AA311: =Saisie!Q311 -> 0 | AB311: {=_xlfn.IFS(Saisie!R311="OUI",1,Saisie!R311="NON",0)} -> #N/A | AC311: =Saisie!S311 -> 0 | AD311: {=_xlfn.IFS(Saisie!T311="OUI",1,Saisie!T311="NON",0)} -> #N/A | AE311: =Saisie!U311 -> 0 | AF311: 3 | AG311: =Saisie!W311 -> 0 | AH311: =Saisie!X311 -> 0 | AI311: =Saisie!Y311 -> 0 | AJ311: =Saisie!Z311 -> 0 | AK311: =Saisie!AA311 -> 0 | AL311: =Saisie!AB311 -> 0 | AM311: =Saisie!AC311 -> 0 | AN311: =Saisie!AD311 -> 0 | ... AP311: =Saisie!AF311 -> 0 | AQ311: {=_xlfn.IFS(Saisie!AG311="OUI",1,Saisie!AG311="NON",0)} -> #N/A | AR311: {=_xlfn.IFS(Saisie!AH311="OUI",1,Saisie!AH311="NON",0)} -> #N/A | AS311: =Saisie!AI311 -> 0 | AT311: {=_xlfn.IFS(Saisie!AJ311="OUI",1,Saisie!AJ311="NON",0)} -> #N/A | AU311: =Saisie!AK311 -> 0 | AV311: {=_xlfn.IFS(Saisie!AL311="OUI",1,Saisie!AL311="NON",0)} -> #N/A | AW311: =Saisie!AM311 -> 0 | AX311: =Saisie!AN311 -> 0 | AY311: =Saisie!AO311 -> 0 | AZ311: =Saisie!AP311 -> 0 | BA311: =Saisie!AQ311 -> 0 | BB311: =Saisie!AR311 -> 0 | BC311: =Saisie!AS311 -> 0 | BD311: =Saisie!AT311 -> 0 | BE311: {=_xlfn.IFS(Saisie!AU311="OUI",1,Saisie!AU311="NON",0)} -> #N/A | BF311: =Saisie!AV311 -> 0 | BG311: =Saisie!AW311 -> 0 | BH311: {=_xlfn.IFS(Saisie!AX311="OUI",1,Saisie!AX311="NON",0)} -> #N/A | BI311: =Saisie!AY311 -> 0 | BJ311: {=_xlfn.IFS(Saisie!AZ311="OUI",1,Saisie!AZ311="NON",0)} -> #N/A | BK311: {=_xlfn.IFS(Saisie!BA311="OUI",1,Saisie!BA311="NON",0)} -> #N/A | BL311: =Saisie!BB311 -> 0 | BM311: =Saisie!BC311 -> #REF!
A312: 306 | B312: =Saisie!B312 -> 0 | C312: =Saisie!C312 -> 0 | D312: =Saisie!D312 -> 0 | E312: =Saisie!E312 -> 0 | F312: =Saisie!F312 -> 0 | G312: =Saisie!G312 -> 0 | H312: =Saisie!I312 -> 0 | I312: =Saisie!J312 -> 0 | J312: =Saisie!K312 -> 0 | K312: =Saisie!L312 -> 0 | L312: =Saisie!#REF! -> #REF! | M312: {=_xlfn.IFS(Saisie!M312="OUI",1,Saisie!M312="NON",0)} -> #N/A | N312: =Saisie!#REF! -> #REF! | O312: =Saisie!#REF! -> #REF! | P312: =Saisie!N312 -> 0 | Q312: {=_xlfn.IFS(Saisie!#REF!="OUI",1,Saisie!#REF!="NON",0)} -> #REF! | R312: =Saisie!#REF! -> #REF! | S312: =Saisie!#REF! -> #REF! | T312: =Saisie!#REF! -> #REF! | U312: =Saisie!#REF! -> #REF! | V312: {=_xlfn.IFS(Saisie!#REF!="OUI",1,Saisie!#REF!="NON",0)} -> #REF! | W312: {=_xlfn.IFS(Saisie!O312="OUI",1,Saisie!O312="NON",0)} -> #N/A | X312: =Saisie!P312 -> 0 | Y312: =Saisie!H312 -> 0 | Z312: =Saisie!#REF! -> #REF! | AA312: =Saisie!Q312 -> 0 | AB312: {=_xlfn.IFS(Saisie!R312="OUI",1,Saisie!R312="NON",0)} -> #N/A | AC312: =Saisie!S312 -> 0 | AD312: {=_xlfn.IFS(Saisie!T312="OUI",1,Saisie!T312="NON",0)} -> #N/A | AE312: =Saisie!U312 -> 0 | AF312: 3 | AG312: =Saisie!W312 -> 0 | AH312: =Saisie!X312 -> 0 | AI312: =Saisie!Y312 -> 0 | AJ312: =Saisie!Z312 -> 0 | AK312: =Saisie!AA312 -> 0 | AL312: =Saisie!AB312 -> 0 | AM312: =Saisie!AC312 -> 0 | AN312: =Saisie!AD312 -> 0 | ... AP312: =Saisie!AF312 -> 0 | AQ312: {=_xlfn.IFS(Saisie!AG312="OUI",1,Saisie!AG312="NON",0)} -> #N/A | AR312: {=_xlfn.IFS(Saisie!AH312="OUI",1,Saisie!AH312="NON",0)} -> #N/A | AS312: =Saisie!AI312 -> 0 | AT312: {=_xlfn.IFS(Saisie!AJ312="OUI",1,Saisie!AJ312="NON",0)} -> #N/A | AU312: =Saisie!AK312 -> 0 | AV312: {=_xlfn.IFS(Saisie!AL312="OUI",1,Saisie!AL312="NON",0)} -> #N/A | AW312: =Saisie!AM312 -> 0 | AX312: =Saisie!AN312 -> 0 | AY312: =Saisie!AO312 -> 0 | AZ312: =Saisie!AP312 -> 0 | BA312: =Saisie!AQ312 -> 0 | BB312: =Saisie!AR312 -> 0 | BC312: =Saisie!AS312 -> 0 | BD312: =Saisie!AT312 -> 0 | BE312: {=_xlfn.IFS(Saisie!AU312="OUI",1,Saisie!AU312="NON",0)} -> #N/A | BF312: =Saisie!AV312 -> 0 | BG312: =Saisie!AW312 -> 0 | BH312: {=_xlfn.IFS(Saisie!AX312="OUI",1,Saisie!AX312="NON",0)} -> #N/A | BI312: =Saisie!AY312 -> 0 | BJ312: {=_xlfn.IFS(Saisie!AZ312="OUI",1,Saisie!AZ312="NON",0)} -> #N/A | BK312: {=_xlfn.IFS(Saisie!BA312="OUI",1,Saisie!BA312="NON",0)} -> #N/A | BL312: =Saisie!BB312 -> 0 | BM312: =Saisie!BC312 -> #REF!
A313: 307 | B313: =Saisie!B313 -> 0 | C313: =Saisie!C313 -> 0 | D313: =Saisie!D313 -> 0 | E313: =Saisie!E313 -> 0 | F313: =Saisie!F313 -> 0 | G313: =Saisie!G313 -> 0 | H313: =Saisie!I313 -> 0 | I313: =Saisie!J313 -> 0 | J313: =Saisie!K313 -> 0 | K313: =Saisie!L313 -> 0 | L313: =Saisie!#REF! -> #REF! | M313: {=_xlfn.IFS(Saisie!M313="OUI",1,Saisie!M313="NON",0)} -> #N/A | N313: =Saisie!#REF! -> #REF! | O313: =Saisie!#REF! -> #REF! | P313: =Saisie!N313 -> 0 | Q313: {=_xlfn.IFS(Saisie!#REF!="OUI",1,Saisie!#REF!="NON",0)} -> #REF! | R313: =Saisie!#REF! -> #REF! | S313: =Saisie!#REF! -> #REF! | T313: =Saisie!#REF! -> #REF! | U313: =Saisie!#REF! -> #REF! | V313: {=_xlfn.IFS(Saisie!#REF!="OUI",1,Saisie!#REF!="NON",0)} -> #REF! | W313: {=_xlfn.IFS(Saisie!O313="OUI",1,Saisie!O313="NON",0)} -> #N/A | X313: =Saisie!P313 -> 0 | Y313: =Saisie!H313 -> 0 | Z313: =Saisie!#REF! -> #REF! | AA313: =Saisie!Q313 -> 0 | AB313: {=_xlfn.IFS(Saisie!R313="OUI",1,Saisie!R313="NON",0)} -> #N/A | AC313: =Saisie!S313 -> 0 | AD313: {=_xlfn.IFS(Saisie!T313="OUI",1,Saisie!T313="NON",0)} -> #N/A | AE313: =Saisie!U313 -> 0 | AF313: 3 | AG313: =Saisie!W313 -> 0 | AH313: =Saisie!X313 -> 0 | AI313: =Saisie!Y313 -> 0 | AJ313: =Saisie!Z313 -> 0 | AK313: =Saisie!AA313 -> 0 | AL313: =Saisie!AB313 -> 0 | AM313: =Saisie!AC313 -> 0 | AN313: =Saisie!AD313 -> 0 | ... AP313: =Saisie!AF313 -> 0 | AQ313: {=_xlfn.IFS(Saisie!AG313="OUI",1,Saisie!AG313="NON",0)} -> #N/A | AR313: {=_xlfn.IFS(Saisie!AH313="OUI",1,Saisie!AH313="NON",0)} -> #N/A | AS313: =Saisie!AI313 -> 0 | AT313: {=_xlfn.IFS(Saisie!AJ313="OUI",1,Saisie!AJ313="NON",0)} -> #N/A | AU313: =Saisie!AK313 -> 0 | AV313: {=_xlfn.IFS(Saisie!AL313="OUI",1,Saisie!AL313="NON",0)} -> #N/A | AW313: =Saisie!AM313 -> 0 | AX313: =Saisie!AN313 -> 0 | AY313: =Saisie!AO313 -> 0 | AZ313: =Saisie!AP313 -> 0 | BA313: =Saisie!AQ313 -> 0 | BB313: =Saisie!AR313 -> 0 | BC313: =Saisie!AS313 -> 0 | BD313: =Saisie!AT313 -> 0 | BE313: {=_xlfn.IFS(Saisie!AU313="OUI",1,Saisie!AU313="NON",0)} -> #N/A | BF313: =Saisie!AV313 -> 0 | BG313: =Saisie!AW313 -> 0 | BH313: {=_xlfn.IFS(Saisie!AX313="OUI",1,Saisie!AX313="NON",0)} -> #N/A | BI313: =Saisie!AY313 -> 0 | BJ313: {=_xlfn.IFS(Saisie!AZ313="OUI",1,Saisie!AZ313="NON",0)} -> #N/A | BK313: {=_xlfn.IFS(Saisie!BA313="OUI",1,Saisie!BA313="NON",0)} -> #N/A | BL313: =Saisie!BB313 -> 0 | BM313: =Saisie!BC313 -> #REF!
A314: 308 | B314: =Saisie!B314 -> 0 | C314: =Saisie!C314 -> 0 | D314: =Saisie!D314 -> 0 | E314: =Saisie!E314 -> 0 | F314: =Saisie!F314 -> 0 | G314: =Saisie!G314 -> 0 | H314: =Saisie!I314 -> 0 | I314: =Saisie!J314 -> 0 | J314: =Saisie!K314 -> 0 | K314: =Saisie!L314 -> 0 | L314: =Saisie!#REF! -> #REF! | M314: {=_xlfn.IFS(Saisie!M314="OUI",1,Saisie!M314="NON",0)} -> #N/A | N314: =Saisie!#REF! -> #REF! | O314: =Saisie!#REF! -> #REF! | P314: =Saisie!N314 -> 0 | Q314: {=_xlfn.IFS(Saisie!#REF!="OUI",1,Saisie!#REF!="NON",0)} -> #REF! | R314: =Saisie!#REF! -> #REF! | S314: =Saisie!#REF! -> #REF! | T314: =Saisie!#REF! -> #REF! | U314: =Saisie!#REF! -> #REF! | V314: {=_xlfn.IFS(Saisie!#REF!="OUI",1,Saisie!#REF!="NON",0)} -> #REF! | W314: {=_xlfn.IFS(Saisie!O314="OUI",1,Saisie!O314="NON",0)} -> #N/A | X314: =Saisie!P314 -> 0 | Y314: =Saisie!H314 -> 0 | Z314: =Saisie!#REF! -> #REF! | AA314: =Saisie!Q314 -> 0 | AB314: {=_xlfn.IFS(Saisie!R314="OUI",1,Saisie!R314="NON",0)} -> #N/A | AC314: =Saisie!S314 -> 0 | AD314: {=_xlfn.IFS(Saisie!T314="OUI",1,Saisie!T314="NON",0)} -> #N/A | AE314: =Saisie!U314 -> 0 | AF314: 3 | AG314: =Saisie!W314 -> 0 | AH314: =Saisie!X314 -> 0 | AI314: =Saisie!Y314 -> 0 | AJ314: =Saisie!Z314 -> 0 | AK314: =Saisie!AA314 -> 0 | AL314: =Saisie!AB314 -> 0 | AM314: =Saisie!AC314 -> 0 | AN314: =Saisie!AD314 -> 0 | ... AP314: =Saisie!AF314 -> 0 | AQ314: {=_xlfn.IFS(Saisie!AG314="OUI",1,Saisie!AG314="NON",0)} -> #N/A | AR314: {=_xlfn.IFS(Saisie!AH314="OUI",1,Saisie!AH314="NON",0)} -> #N/A | AS314: =Saisie!AI314 -> 0 | AT314: {=_xlfn.IFS(Saisie!AJ314="OUI",1,Saisie!AJ314="NON",0)} -> #N/A | AU314: =Saisie!AK314 -> 0 | AV314: {=_xlfn.IFS(Saisie!AL314="OUI",1,Saisie!AL314="NON",0)} -> #N/A | AW314: =Saisie!AM314 -> 0 | AX314: =Saisie!AN314 -> 0 | AY314: =Saisie!AO314 -> 0 | AZ314: =Saisie!AP314 -> 0 | BA314: =Saisie!AQ314 -> 0 | BB314: =Saisie!AR314 -> 0 | BC314: =Saisie!AS314 -> 0 | BD314: =Saisie!AT314 -> 0 | BE314: {=_xlfn.IFS(Saisie!AU314="OUI",1,Saisie!AU314="NON",0)} -> #N/A | BF314: =Saisie!AV314 -> 0 | BG314: =Saisie!AW314 -> 0 | BH314: {=_xlfn.IFS(Saisie!AX314="OUI",1,Saisie!AX314="NON",0)} -> #N/A | BI314: =Saisie!AY314 -> 0 | BJ314: {=_xlfn.IFS(Saisie!AZ314="OUI",1,Saisie!AZ314="NON",0)} -> #N/A | BK314: {=_xlfn.IFS(Saisie!BA314="OUI",1,Saisie!BA314="NON",0)} -> #N/A | BL314: =Saisie!BB314 -> 0 | BM314: =Saisie!BC314 -> #REF!
A315: 309 | B315: =Saisie!B315 -> 0 | C315: =Saisie!C315 -> 0 | D315: =Saisie!D315 -> 0 | E315: =Saisie!E315 -> 0 | F315: =Saisie!F315 -> 0 | G315: =Saisie!G315 -> 0 | H315: =Saisie!I315 -> 0 | I315: =Saisie!J315 -> 0 | J315: =Saisie!K315 -> 0 | K315: =Saisie!L315 -> 0 | L315: =Saisie!#REF! -> #REF! | M315: {=_xlfn.IFS(Saisie!M315="OUI",1,Saisie!M315="NON",0)} -> #N/A | N315: =Saisie!#REF! -> #REF! | O315: =Saisie!#REF! -> #REF! | P315: =Saisie!N315 -> 0 | Q315: {=_xlfn.IFS(Saisie!#REF!="OUI",1,Saisie!#REF!="NON",0)} -> #REF! | R315: =Saisie!#REF! -> #REF! | S315: =Saisie!#REF! -> #REF! | T315: =Saisie!#REF! -> #REF! | U315: =Saisie!#REF! -> #REF! | V315: {=_xlfn.IFS(Saisie!#REF!="OUI",1,Saisie!#REF!="NON",0)} -> #REF! | W315: {=_xlfn.IFS(Saisie!O315="OUI",1,Saisie!O315="NON",0)} -> #N/A | X315: =Saisie!P315 -> 0 | Y315: =Saisie!H315 -> 0 | Z315: =Saisie!#REF! -> #REF! | AA315: =Saisie!Q315 -> 0 | AB315: {=_xlfn.IFS(Saisie!R315="OUI",1,Saisie!R315="NON",0)} -> #N/A | AC315: =Saisie!S315 -> 0 | AD315: {=_xlfn.IFS(Saisie!T315="OUI",1,Saisie!T315="NON",0)} -> #N/A | AE315: =Saisie!U315 -> 0 | AF315: 3 | AG315: =Saisie!W315 -> 0 | AH315: =Saisie!X315 -> 0 | AI315: =Saisie!Y315 -> 0 | AJ315: =Saisie!Z315 -> 0 | AK315: =Saisie!AA315 -> 0 | AL315: =Saisie!AB315 -> 0 | AM315: =Saisie!AC315 -> 0 | AN315: =Saisie!AD315 -> 0 | ... AP315: =Saisie!AF315 -> 0 | AQ315: {=_xlfn.IFS(Saisie!AG315="OUI",1,Saisie!AG315="NON",0)} -> #N/A | AR315: {=_xlfn.IFS(Saisie!AH315="OUI",1,Saisie!AH315="NON",0)} -> #N/A | AS315: =Saisie!AI315 -> 0 | AT315: {=_xlfn.IFS(Saisie!AJ315="OUI",1,Saisie!AJ315="NON",0)} -> #N/A | AU315: =Saisie!AK315 -> 0 | AV315: {=_xlfn.IFS(Saisie!AL315="OUI",1,Saisie!AL315="NON",0)} -> #N/A | AW315: =Saisie!AM315 -> 0 | AX315: =Saisie!AN315 -> 0 | AY315: =Saisie!AO315 -> 0 | AZ315: =Saisie!AP315 -> 0 | BA315: =Saisie!AQ315 -> 0 | BB315: =Saisie!AR315 -> 0 | BC315: =Saisie!AS315 -> 0 | BD315: =Saisie!AT315 -> 0 | BE315: {=_xlfn.IFS(Saisie!AU315="OUI",1,Saisie!AU315="NON",0)} -> #N/A | BF315: =Saisie!AV315 -> 0 | BG315: =Saisie!AW315 -> 0 | BH315: {=_xlfn.IFS(Saisie!AX315="OUI",1,Saisie!AX315="NON",0)} -> #N/A | BI315: =Saisie!AY315 -> 0 | BJ315: {=_xlfn.IFS(Saisie!AZ315="OUI",1,Saisie!AZ315="NON",0)} -> #N/A | BK315: {=_xlfn.IFS(Saisie!BA315="OUI",1,Saisie!BA315="NON",0)} -> #N/A | BL315: =Saisie!BB315 -> 0 | BM315: =Saisie!BC315 -> #REF!
A316: 310 | B316: =Saisie!B316 -> 0 | C316: =Saisie!C316 -> 0 | D316: =Saisie!D316 -> 0 | E316: =Saisie!E316 -> 0 | F316: =Saisie!F316 -> 0 | G316: =Saisie!G316 -> 0 | H316: =Saisie!I316 -> 0 | I316: =Saisie!J316 -> 0 | J316: =Saisie!K316 -> 0 | K316: =Saisie!L316 -> 0 | L316: =Saisie!#REF! -> #REF! | M316: {=_xlfn.IFS(Saisie!M316="OUI",1,Saisie!M316="NON",0)} -> #N/A | N316: =Saisie!#REF! -> #REF! | O316: =Saisie!#REF! -> #REF! | P316: =Saisie!N316 -> 0 | Q316: {=_xlfn.IFS(Saisie!#REF!="OUI",1,Saisie!#REF!="NON",0)} -> #REF! | R316: =Saisie!#REF! -> #REF! | S316: =Saisie!#REF! -> #REF! | T316: =Saisie!#REF! -> #REF! | U316: =Saisie!#REF! -> #REF! | V316: {=_xlfn.IFS(Saisie!#REF!="OUI",1,Saisie!#REF!="NON",0)} -> #REF! | W316: {=_xlfn.IFS(Saisie!O316="OUI",1,Saisie!O316="NON",0)} -> #N/A | X316: =Saisie!P316 -> 0 | Y316: =Saisie!H316 -> 0 | Z316: =Saisie!#REF! -> #REF! | AA316: =Saisie!Q316 -> 0 | AB316: {=_xlfn.IFS(Saisie!R316="OUI",1,Saisie!R316="NON",0)} -> #N/A | AC316: =Saisie!S316 -> 0 | AD316: {=_xlfn.IFS(Saisie!T316="OUI",1,Saisie!T316="NON",0)} -> #N/A | AE316: =Saisie!U316 -> 0 | AF316: 3 | AG316: =Saisie!W316 -> 0 | AH316: =Saisie!X316 -> 0 | AI316: =Saisie!Y316 -> 0 | AJ316: =Saisie!Z316 -> 0 | AK316: =Saisie!AA316 -> 0 | AL316: =Saisie!AB316 -> 0 | AM316: =Saisie!AC316 -> 0 | AN316: =Saisie!AD316 -> 0 | ... AP316: =Saisie!AF316 -> 0 | AQ316: {=_xlfn.IFS(Saisie!AG316="OUI",1,Saisie!AG316="NON",0)} -> #N/A | AR316: {=_xlfn.IFS(Saisie!AH316="OUI",1,Saisie!AH316="NON",0)} -> #N/A | AS316: =Saisie!AI316 -> 0 | AT316: {=_xlfn.IFS(Saisie!AJ316="OUI",1,Saisie!AJ316="NON",0)} -> #N/A | AU316: =Saisie!AK316 -> 0 | AV316: {=_xlfn.IFS(Saisie!AL316="OUI",1,Saisie!AL316="NON",0)} -> #N/A | AW316: =Saisie!AM316 -> 0 | AX316: =Saisie!AN316 -> 0 | AY316: =Saisie!AO316 -> 0 | AZ316: =Saisie!AP316 -> 0 | BA316: =Saisie!AQ316 -> 0 | BB316: =Saisie!AR316 -> 0 | BC316: =Saisie!AS316 -> 0 | BD316: =Saisie!AT316 -> 0 | BE316: {=_xlfn.IFS(Saisie!AU316="OUI",1,Saisie!AU316="NON",0)} -> #N/A | BF316: =Saisie!AV316 -> 0 | BG316: =Saisie!AW316 -> 0 | BH316: {=_xlfn.IFS(Saisie!AX316="OUI",1,Saisie!AX316="NON",0)} -> #N/A | BI316: =Saisie!AY316 -> 0 | BJ316: {=_xlfn.IFS(Saisie!AZ316="OUI",1,Saisie!AZ316="NON",0)} -> #N/A | BK316: {=_xlfn.IFS(Saisie!BA316="OUI",1,Saisie!BA316="NON",0)} -> #N/A | BL316: =Saisie!BB316 -> 0 | BM316: =Saisie!BC316 -> #REF!
A317: 311 | B317: =Saisie!B317 -> 0 | C317: =Saisie!C317 -> 0 | D317: =Saisie!D317 -> 0 | E317: =Saisie!E317 -> 0 | F317: =Saisie!F317 -> 0 | G317: =Saisie!G317 -> 0 | H317: =Saisie!I317 -> 0 | I317: =Saisie!J317 -> 0 | J317: =Saisie!K317 -> 0 | K317: =Saisie!L317 -> 0 | L317: =Saisie!#REF! -> #REF! | M317: {=_xlfn.IFS(Saisie!M317="OUI",1,Saisie!M317="NON",0)} -> #N/A | N317: =Saisie!#REF! -> #REF! | O317: =Saisie!#REF! -> #REF! | P317: =Saisie!N317 -> 0 | Q317: {=_xlfn.IFS(Saisie!#REF!="OUI",1,Saisie!#REF!="NON",0)} -> #REF! | R317: =Saisie!#REF! -> #REF! | S317: =Saisie!#REF! -> #REF! | T317: =Saisie!#REF! -> #REF! | U317: =Saisie!#REF! -> #REF! | V317: {=_xlfn.IFS(Saisie!#REF!="OUI",1,Saisie!#REF!="NON",0)} -> #REF! | W317: {=_xlfn.IFS(Saisie!O317="OUI",1,Saisie!O317="NON",0)} -> #N/A | X317: =Saisie!P317 -> 0 | Y317: =Saisie!H317 -> 0 | Z317: =Saisie!#REF! -> #REF! | AA317: =Saisie!Q317 -> 0 | AB317: {=_xlfn.IFS(Saisie!R317="OUI",1,Saisie!R317="NON",0)} -> #N/A | AC317: =Saisie!S317 -> 0 | AD317: {=_xlfn.IFS(Saisie!T317="OUI",1,Saisie!T317="NON",0)} -> #N/A | AE317: =Saisie!U317 -> 0 | AF317: 3 | AG317: =Saisie!W317 -> 0 | AH317: =Saisie!X317 -> 0 | AI317: =Saisie!Y317 -> 0 | AJ317: =Saisie!Z317 -> 0 | AK317: =Saisie!AA317 -> 0 | AL317: =Saisie!AB317 -> 0 | AM317: =Saisie!AC317 -> 0 | AN317: =Saisie!AD317 -> 0 | ... AP317: =Saisie!AF317 -> 0 | AQ317: {=_xlfn.IFS(Saisie!AG317="OUI",1,Saisie!AG317="NON",0)} -> #N/A | AR317: {=_xlfn.IFS(Saisie!AH317="OUI",1,Saisie!AH317="NON",0)} -> #N/A | AS317: =Saisie!AI317 -> 0 | AT317: {=_xlfn.IFS(Saisie!AJ317="OUI",1,Saisie!AJ317="NON",0)} -> #N/A | AU317: =Saisie!AK317 -> 0 | AV317: {=_xlfn.IFS(Saisie!AL317="OUI",1,Saisie!AL317="NON",0)} -> #N/A | AW317: =Saisie!AM317 -> 0 | AX317: =Saisie!AN317 -> 0 | AY317: =Saisie!AO317 -> 0 | AZ317: =Saisie!AP317 -> 0 | BA317: =Saisie!AQ317 -> 0 | BB317: =Saisie!AR317 -> 0 | BC317: =Saisie!AS317 -> 0 | BD317: =Saisie!AT317 -> 0 | BE317: {=_xlfn.IFS(Saisie!AU317="OUI",1,Saisie!AU317="NON",0)} -> #N/A | BF317: =Saisie!AV317 -> 0 | BG317: =Saisie!AW317 -> 0 | BH317: {=_xlfn.IFS(Saisie!AX317="OUI",1,Saisie!AX317="NON",0)} -> #N/A | BI317: =Saisie!AY317 -> 0 | BJ317: {=_xlfn.IFS(Saisie!AZ317="OUI",1,Saisie!AZ317="NON",0)} -> #N/A | BK317: {=_xlfn.IFS(Saisie!BA317="OUI",1,Saisie!BA317="NON",0)} -> #N/A | BL317: =Saisie!BB317 -> 0 | BM317: =Saisie!BC317 -> #REF!
A318: 312 | B318: =Saisie!B318 -> 0 | C318: =Saisie!C318 -> 0 | D318: =Saisie!D318 -> 0 | E318: =Saisie!E318 -> 0 | F318: =Saisie!F318 -> 0 | G318: =Saisie!G318 -> 0 | H318: =Saisie!I318 -> 0 | I318: =Saisie!J318 -> 0 | J318: =Saisie!K318 -> 0 | K318: =Saisie!L318 -> 0 | L318: =Saisie!#REF! -> #REF! | M318: {=_xlfn.IFS(Saisie!M318="OUI",1,Saisie!M318="NON",0)} -> #N/A | N318: =Saisie!#REF! -> #REF! | O318: =Saisie!#REF! -> #REF! | P318: =Saisie!N318 -> 0 | Q318: {=_xlfn.IFS(Saisie!#REF!="OUI",1,Saisie!#REF!="NON",0)} -> #REF! | R318: =Saisie!#REF! -> #REF! | S318: =Saisie!#REF! -> #REF! | T318: =Saisie!#REF! -> #REF! | U318: =Saisie!#REF! -> #REF! | V318: {=_xlfn.IFS(Saisie!#REF!="OUI",1,Saisie!#REF!="NON",0)} -> #REF! | W318: {=_xlfn.IFS(Saisie!O318="OUI",1,Saisie!O318="NON",0)} -> #N/A | X318: =Saisie!P318 -> 0 | Y318: =Saisie!H318 -> 0 | Z318: =Saisie!#REF! -> #REF! | AA318: =Saisie!Q318 -> 0 | AB318: {=_xlfn.IFS(Saisie!R318="OUI",1,Saisie!R318="NON",0)} -> #N/A | AC318: =Saisie!S318 -> 0 | AD318: {=_xlfn.IFS(Saisie!T318="OUI",1,Saisie!T318="NON",0)} -> #N/A | AE318: =Saisie!U318 -> 0 | AF318: 3 | AG318: =Saisie!W318 -> 0 | AH318: =Saisie!X318 -> 0 | AI318: =Saisie!Y318 -> 0 | AJ318: =Saisie!Z318 -> 0 | AK318: =Saisie!AA318 -> 0 | AL318: =Saisie!AB318 -> 0 | AM318: =Saisie!AC318 -> 0 | AN318: =Saisie!AD318 -> 0 | ... AP318: =Saisie!AF318 -> 0 | AQ318: {=_xlfn.IFS(Saisie!AG318="OUI",1,Saisie!AG318="NON",0)} -> #N/A | AR318: {=_xlfn.IFS(Saisie!AH318="OUI",1,Saisie!AH318="NON",0)} -> #N/A | AS318: =Saisie!AI318 -> 0 | AT318: {=_xlfn.IFS(Saisie!AJ318="OUI",1,Saisie!AJ318="NON",0)} -> #N/A | AU318: =Saisie!AK318 -> 0 | AV318: {=_xlfn.IFS(Saisie!AL318="OUI",1,Saisie!AL318="NON",0)} -> #N/A | AW318: =Saisie!AM318 -> 0 | AX318: =Saisie!AN318 -> 0 | AY318: =Saisie!AO318 -> 0 | AZ318: =Saisie!AP318 -> 0 | BA318: =Saisie!AQ318 -> 0 | BB318: =Saisie!AR318 -> 0 | BC318: =Saisie!AS318 -> 0 | BD318: =Saisie!AT318 -> 0 | BE318: {=_xlfn.IFS(Saisie!AU318="OUI",1,Saisie!AU318="NON",0)} -> #N/A | BF318: =Saisie!AV318 -> 0 | BG318: =Saisie!AW318 -> 0 | BH318: {=_xlfn.IFS(Saisie!AX318="OUI",1,Saisie!AX318="NON",0)} -> #N/A | BI318: =Saisie!AY318 -> 0 | BJ318: {=_xlfn.IFS(Saisie!AZ318="OUI",1,Saisie!AZ318="NON",0)} -> #N/A | BK318: {=_xlfn.IFS(Saisie!BA318="OUI",1,Saisie!BA318="NON",0)} -> #N/A | BL318: =Saisie!BB318 -> 0 | BM318: =Saisie!BC318 -> #REF!
A319: 313 | B319: =Saisie!B319 -> 0 | C319: =Saisie!C319 -> 0 | D319: =Saisie!D319 -> 0 | E319: =Saisie!E319 -> 0 | F319: =Saisie!F319 -> 0 | G319: =Saisie!G319 -> 0 | H319: =Saisie!I319 -> 0 | I319: =Saisie!J319 -> 0 | J319: =Saisie!K319 -> 0 | K319: =Saisie!L319 -> 0 | L319: =Saisie!#REF! -> #REF! | M319: {=_xlfn.IFS(Saisie!M319="OUI",1,Saisie!M319="NON",0)} -> #N/A | N319: =Saisie!#REF! -> #REF! | O319: =Saisie!#REF! -> #REF! | P319: =Saisie!N319 -> 0 | Q319: {=_xlfn.IFS(Saisie!#REF!="OUI",1,Saisie!#REF!="NON",0)} -> #REF! | R319: =Saisie!#REF! -> #REF! | S319: =Saisie!#REF! -> #REF! | T319: =Saisie!#REF! -> #REF! | U319: =Saisie!#REF! -> #REF! | V319: {=_xlfn.IFS(Saisie!#REF!="OUI",1,Saisie!#REF!="NON",0)} -> #REF! | W319: {=_xlfn.IFS(Saisie!O319="OUI",1,Saisie!O319="NON",0)} -> #N/A | X319: =Saisie!P319 -> 0 | Y319: =Saisie!H319 -> 0 | Z319: =Saisie!#REF! -> #REF! | AA319: =Saisie!Q319 -> 0 | AB319: {=_xlfn.IFS(Saisie!R319="OUI",1,Saisie!R319="NON",0)} -> #N/A | AC319: =Saisie!S319 -> 0 | AD319: {=_xlfn.IFS(Saisie!T319="OUI",1,Saisie!T319="NON",0)} -> #N/A | AE319: =Saisie!U319 -> 0 | AF319: 3 | AG319: =Saisie!W319 -> 0 | AH319: =Saisie!X319 -> 0 | AI319: =Saisie!Y319 -> 0 | AJ319: =Saisie!Z319 -> 0 | AK319: =Saisie!AA319 -> 0 | AL319: =Saisie!AB319 -> 0 | AM319: =Saisie!AC319 -> 0 | AN319: =Saisie!AD319 -> 0 | ... AP319: =Saisie!AF319 -> 0 | AQ319: {=_xlfn.IFS(Saisie!AG319="OUI",1,Saisie!AG319="NON",0)} -> #N/A | AR319: {=_xlfn.IFS(Saisie!AH319="OUI",1,Saisie!AH319="NON",0)} -> #N/A | AS319: =Saisie!AI319 -> 0 | AT319: {=_xlfn.IFS(Saisie!AJ319="OUI",1,Saisie!AJ319="NON",0)} -> #N/A | AU319: =Saisie!AK319 -> 0 | AV319: {=_xlfn.IFS(Saisie!AL319="OUI",1,Saisie!AL319="NON",0)} -> #N/A | AW319: =Saisie!AM319 -> 0 | AX319: =Saisie!AN319 -> 0 | AY319: =Saisie!AO319 -> 0 | AZ319: =Saisie!AP319 -> 0 | BA319: =Saisie!AQ319 -> 0 | BB319: =Saisie!AR319 -> 0 | BC319: =Saisie!AS319 -> 0 | BD319: =Saisie!AT319 -> 0 | BE319: {=_xlfn.IFS(Saisie!AU319="OUI",1,Saisie!AU319="NON",0)} -> #N/A | BF319: =Saisie!AV319 -> 0 | BG319: =Saisie!AW319 -> 0 | BH319: {=_xlfn.IFS(Saisie!AX319="OUI",1,Saisie!AX319="NON",0)} -> #N/A | BI319: =Saisie!AY319 -> 0 | BJ319: {=_xlfn.IFS(Saisie!AZ319="OUI",1,Saisie!AZ319="NON",0)} -> #N/A | BK319: {=_xlfn.IFS(Saisie!BA319="OUI",1,Saisie!BA319="NON",0)} -> #N/A | BL319: =Saisie!BB319 -> 0 | BM319: =Saisie!BC319 -> #REF!
A320: 314 | B320: =Saisie!B320 -> 0 | C320: =Saisie!C320 -> 0 | D320: =Saisie!D320 -> 0 | E320: =Saisie!E320 -> 0 | F320: =Saisie!F320 -> 0 | G320: =Saisie!G320 -> 0 | H320: =Saisie!I320 -> 0 | I320: =Saisie!J320 -> 0 | J320: =Saisie!K320 -> 0 | K320: =Saisie!L320 -> 0 | L320: =Saisie!#REF! -> #REF! | M320: {=_xlfn.IFS(Saisie!M320="OUI",1,Saisie!M320="NON",0)} -> #N/A | N320: =Saisie!#REF! -> #REF! | O320: =Saisie!#REF! -> #REF! | P320: =Saisie!N320 -> 0 | Q320: {=_xlfn.IFS(Saisie!#REF!="OUI",1,Saisie!#REF!="NON",0)} -> #REF! | R320: =Saisie!#REF! -> #REF! | S320: =Saisie!#REF! -> #REF! | T320: =Saisie!#REF! -> #REF! | U320: =Saisie!#REF! -> #REF! | V320: {=_xlfn.IFS(Saisie!#REF!="OUI",1,Saisie!#REF!="NON",0)} -> #REF! | W320: {=_xlfn.IFS(Saisie!O320="OUI",1,Saisie!O320="NON",0)} -> #N/A | X320: =Saisie!P320 -> 0 | Y320: =Saisie!H320 -> 0 | Z320: =Saisie!#REF! -> #REF! | AA320: =Saisie!Q320 -> 0 | AB320: {=_xlfn.IFS(Saisie!R320="OUI",1,Saisie!R320="NON",0)} -> #N/A | AC320: =Saisie!S320 -> 0 | AD320: {=_xlfn.IFS(Saisie!T320="OUI",1,Saisie!T320="NON",0)} -> #N/A | AE320: =Saisie!U320 -> 0 | AF320: 3 | AG320: =Saisie!W320 -> 0 | AH320: =Saisie!X320 -> 0 | AI320: =Saisie!Y320 -> 0 | AJ320: =Saisie!Z320 -> 0 | AK320: =Saisie!AA320 -> 0 | AL320: =Saisie!AB320 -> 0 | AM320: =Saisie!AC320 -> 0 | AN320: =Saisie!AD320 -> 0 | ... AP320: =Saisie!AF320 -> 0 | AQ320: {=_xlfn.IFS(Saisie!AG320="OUI",1,Saisie!AG320="NON",0)} -> #N/A | AR320: {=_xlfn.IFS(Saisie!AH320="OUI",1,Saisie!AH320="NON",0)} -> #N/A | AS320: =Saisie!AI320 -> 0 | AT320: {=_xlfn.IFS(Saisie!AJ320="OUI",1,Saisie!AJ320="NON",0)} -> #N/A | AU320: =Saisie!AK320 -> 0 | AV320: {=_xlfn.IFS(Saisie!AL320="OUI",1,Saisie!AL320="NON",0)} -> #N/A | AW320: =Saisie!AM320 -> 0 | AX320: =Saisie!AN320 -> 0 | AY320: =Saisie!AO320 -> 0 | AZ320: =Saisie!AP320 -> 0 | BA320: =Saisie!AQ320 -> 0 | BB320: =Saisie!AR320 -> 0 | BC320: =Saisie!AS320 -> 0 | BD320: =Saisie!AT320 -> 0 | BE320: {=_xlfn.IFS(Saisie!AU320="OUI",1,Saisie!AU320="NON",0)} -> #N/A | BF320: =Saisie!AV320 -> 0 | BG320: =Saisie!AW320 -> 0 | BH320: {=_xlfn.IFS(Saisie!AX320="OUI",1,Saisie!AX320="NON",0)} -> #N/A | BI320: =Saisie!AY320 -> 0 | BJ320: {=_xlfn.IFS(Saisie!AZ320="OUI",1,Saisie!AZ320="NON",0)} -> #N/A | BK320: {=_xlfn.IFS(Saisie!BA320="OUI",1,Saisie!BA320="NON",0)} -> #N/A | BL320: =Saisie!BB320 -> 0 | BM320: =Saisie!BC320 -> #REF!
A321: 315 | B321: =Saisie!B321 -> 0 | C321: =Saisie!C321 -> 0 | D321: =Saisie!D321 -> 0 | E321: =Saisie!E321 -> 0 | F321: =Saisie!F321 -> 0 | G321: =Saisie!G321 -> 0 | H321: =Saisie!I321 -> 0 | I321: =Saisie!J321 -> 0 | J321: =Saisie!K321 -> 0 | K321: =Saisie!L321 -> 0 | L321: =Saisie!#REF! -> #REF! | M321: {=_xlfn.IFS(Saisie!M321="OUI",1,Saisie!M321="NON",0)} -> #N/A | N321: =Saisie!#REF! -> #REF! | O321: =Saisie!#REF! -> #REF! | P321: =Saisie!N321 -> 0 | Q321: {=_xlfn.IFS(Saisie!#REF!="OUI",1,Saisie!#REF!="NON",0)} -> #REF! | R321: =Saisie!#REF! -> #REF! | S321: =Saisie!#REF! -> #REF! | T321: =Saisie!#REF! -> #REF! | U321: =Saisie!#REF! -> #REF! | V321: {=_xlfn.IFS(Saisie!#REF!="OUI",1,Saisie!#REF!="NON",0)} -> #REF! | W321: {=_xlfn.IFS(Saisie!O321="OUI",1,Saisie!O321="NON",0)} -> #N/A | X321: =Saisie!P321 -> 0 | Y321: =Saisie!H321 -> 0 | Z321: =Saisie!#REF! -> #REF! | AA321: =Saisie!Q321 -> 0 | AB321: {=_xlfn.IFS(Saisie!R321="OUI",1,Saisie!R321="NON",0)} -> #N/A | AC321: =Saisie!S321 -> 0 | AD321: {=_xlfn.IFS(Saisie!T321="OUI",1,Saisie!T321="NON",0)} -> #N/A | AE321: =Saisie!U321 -> 0 | AF321: 3 | AG321: =Saisie!W321 -> 0 | AH321: =Saisie!X321 -> 0 | AI321: =Saisie!Y321 -> 0 | AJ321: =Saisie!Z321 -> 0 | AK321: =Saisie!AA321 -> 0 | AL321: =Saisie!AB321 -> 0 | AM321: =Saisie!AC321 -> 0 | AN321: =Saisie!AD321 -> 0 | ... AP321: =Saisie!AF321 -> 0 | AQ321: {=_xlfn.IFS(Saisie!AG321="OUI",1,Saisie!AG321="NON",0)} -> #N/A | AR321: {=_xlfn.IFS(Saisie!AH321="OUI",1,Saisie!AH321="NON",0)} -> #N/A | AS321: =Saisie!AI321 -> 0 | AT321: {=_xlfn.IFS(Saisie!AJ321="OUI",1,Saisie!AJ321="NON",0)} -> #N/A | AU321: =Saisie!AK321 -> 0 | AV321: {=_xlfn.IFS(Saisie!AL321="OUI",1,Saisie!AL321="NON",0)} -> #N/A | AW321: =Saisie!AM321 -> 0 | AX321: =Saisie!AN321 -> 0 | AY321: =Saisie!AO321 -> 0 | AZ321: =Saisie!AP321 -> 0 | BA321: =Saisie!AQ321 -> 0 | BB321: =Saisie!AR321 -> 0 | BC321: =Saisie!AS321 -> 0 | BD321: =Saisie!AT321 -> 0 | BE321: {=_xlfn.IFS(Saisie!AU321="OUI",1,Saisie!AU321="NON",0)} -> #N/A | BF321: =Saisie!AV321 -> 0 | BG321: =Saisie!AW321 -> 0 | BH321: {=_xlfn.IFS(Saisie!AX321="OUI",1,Saisie!AX321="NON",0)} -> #N/A | BI321: =Saisie!AY321 -> 0 | BJ321: {=_xlfn.IFS(Saisie!AZ321="OUI",1,Saisie!AZ321="NON",0)} -> #N/A | BK321: {=_xlfn.IFS(Saisie!BA321="OUI",1,Saisie!BA321="NON",0)} -> #N/A | BL321: =Saisie!BB321 -> 0 | BM321: =Saisie!BC321 -> #REF!
... A364: 359 | B364: =Saisie!B364 -> 0 | C364: =Saisie!C364 -> 0 | D364: =Saisie!D364 -> 0 | E364: =Saisie!E364 -> 0 | F364: =Saisie!F364 -> 0 | G364: =Saisie!G364 -> 0 | H364: =Saisie!I364 -> 0 | I364: =Saisie!J364 -> 0 | J364: =Saisie!K364 -> 0 | K364: =Saisie!L364 -> 0 | L364: =Saisie!#REF! -> #REF! | M364: {=_xlfn.IFS(Saisie!M364="OUI",1,Saisie!M364="NON",0)} -> #N/A | N364: =Saisie!#REF! -> #REF! | O364: =Saisie!#REF! -> #REF! | P364: =Saisie!N364 -> 0 | Q364: {=_xlfn.IFS(Saisie!#REF!="OUI",1,Saisie!#REF!="NON",0)} -> #REF! | R364: =Saisie!#REF! -> #REF! | S364: =Saisie!#REF! -> #REF! | T364: =Saisie!#REF! -> #REF! | U364: =Saisie!#REF! -> #REF! | V364: {=_xlfn.IFS(Saisie!#REF!="OUI",1,Saisie!#REF!="NON",0)} -> #REF! | W364: {=_xlfn.IFS(Saisie!O364="OUI",1,Saisie!O364="NON",0)} -> #N/A | X364: =Saisie!P364 -> 0 | Y364: =Saisie!H364 -> 0 | Z364: =Saisie!#REF! -> #REF! | AA364: =Saisie!Q364 -> 0 | AB364: {=_xlfn.IFS(Saisie!R364="OUI",1,Saisie!R364="NON",0)} -> #N/A | AC364: =Saisie!S364 -> 0 | AD364: {=_xlfn.IFS(Saisie!T364="OUI",1,Saisie!T364="NON",0)} -> #N/A | AE364: =Saisie!U364 -> 0 | AF364: 3 | AG364: =Saisie!W364 -> 0 | AH364: =Saisie!X364 -> 0 | AI364: =Saisie!Y364 -> 0 | AJ364: =Saisie!Z364 -> 0 | AK364: =Saisie!AA364 -> 0 | AL364: =Saisie!AB364 -> 0 | AM364: =Saisie!AC364 -> 0 | AN364: =Saisie!AD364 -> 0 | ... AP364: =Saisie!AF364 -> 0 | AQ364: {=_xlfn.IFS(Saisie!AG364="OUI",1,Saisie!AG364="NON",0)} -> #N/A | AR364: {=_xlfn.IFS(Saisie!AH364="OUI",1,Saisie!AH364="NON",0)} -> #N/A | AS364: =Saisie!AI364 -> 0 | AT364: {=_xlfn.IFS(Saisie!AJ364="OUI",1,Saisie!AJ364="NON",0)} -> #N/A | AU364: =Saisie!AK364 -> 0 | AV364: {=_xlfn.IFS(Saisie!AL364="OUI",1,Saisie!AL364="NON",0)} -> #N/A | AW364: =Saisie!AM364 -> 0 | AX364: =Saisie!AN364 -> 0 | AY364: =Saisie!AO364 -> 0 | AZ364: =Saisie!AP364 -> 0 | BA364: =Saisie!AQ364 -> 0 | BB364: =Saisie!AR364 -> 0 | BC364: =Saisie!AS364 -> 0 | BD364: =Saisie!AT364 -> 0 | BE364: {=_xlfn.IFS(Saisie!AU364="OUI",1,Saisie!AU364="NON",0)} -> #N/A | BF364: =Saisie!AV364 -> 0 | BG364: =Saisie!AW364 -> 0 | BH364: {=_xlfn.IFS(Saisie!AX364="OUI",1,Saisie!AX364="NON",0)} -> #N/A | BI364: =Saisie!AY364 -> 0 | BJ364: {=_xlfn.IFS(Saisie!AZ364="OUI",1,Saisie!AZ364="NON",0)} -> #N/A | BK364: {=_xlfn.IFS(Saisie!BA364="OUI",1,Saisie!BA364="NON",0)} -> #N/A | BL364: =Saisie!BB364 -> 0 | BM364: =Saisie!BC364 -> #REF!
A365: 360 | B365: =Saisie!B365 -> 0 | C365: =Saisie!C365 -> 0 | D365: =Saisie!D365 -> 0 | E365: =Saisie!E365 -> 0 | F365: =Saisie!F365 -> 0 | G365: =Saisie!G365 -> 0 | H365: =Saisie!I365 -> 0 | I365: =Saisie!J365 -> 0 | J365: =Saisie!K365 -> 0 | K365: =Saisie!L365 -> 0 | L365: =Saisie!#REF! -> #REF! | M365: {=_xlfn.IFS(Saisie!M365="OUI",1,Saisie!M365="NON",0)} -> #N/A | N365: =Saisie!#REF! -> #REF! | O365: =Saisie!#REF! -> #REF! | P365: =Saisie!N365 -> 0 | Q365: {=_xlfn.IFS(Saisie!#REF!="OUI",1,Saisie!#REF!="NON",0)} -> #REF! | R365: =Saisie!#REF! -> #REF! | S365: =Saisie!#REF! -> #REF! | T365: =Saisie!#REF! -> #REF! | U365: =Saisie!#REF! -> #REF! | V365: {=_xlfn.IFS(Saisie!#REF!="OUI",1,Saisie!#REF!="NON",0)} -> #REF! | W365: {=_xlfn.IFS(Saisie!O365="OUI",1,Saisie!O365="NON",0)} -> #N/A | X365: =Saisie!P365 -> 0 | Y365: =Saisie!H365 -> 0 | Z365: =Saisie!#REF! -> #REF! | AA365: =Saisie!Q365 -> 0 | AB365: {=_xlfn.IFS(Saisie!R365="OUI",1,Saisie!R365="NON",0)} -> #N/A | AC365: =Saisie!S365 -> 0 | AD365: {=_xlfn.IFS(Saisie!T365="OUI",1,Saisie!T365="NON",0)} -> #N/A | AE365: =Saisie!U365 -> 0 | AF365: NEANT | AG365: =Saisie!W365 -> 0 | AH365: =Saisie!X365 -> 0 | AI365: =Saisie!Y365 -> 0 | AJ365: =Saisie!Z365 -> 0 | AK365: =Saisie!AA365 -> 0 | AL365: =Saisie!AB365 -> 0 | AM365: =Saisie!AC365 -> 0 | AN365: =Saisie!AD365 -> 0 | ... AP365: =Saisie!AF365 -> 0 | AQ365: {=_xlfn.IFS(Saisie!AG365="OUI",1,Saisie!AG365="NON",0)} -> #N/A | AR365: {=_xlfn.IFS(Saisie!AH365="OUI",1,Saisie!AH365="NON",0)} -> #N/A | AS365: =Saisie!AI365 -> 0 | AT365: {=_xlfn.IFS(Saisie!AJ365="OUI",1,Saisie!AJ365="NON",0)} -> #N/A | AU365: =Saisie!AK365 -> 0 | AV365: {=_xlfn.IFS(Saisie!AL365="OUI",1,Saisie!AL365="NON",0)} -> #N/A | AW365: =Saisie!AM365 -> 0 | AX365: =Saisie!AN365 -> 0 | AY365: =Saisie!AO365 -> 0 | AZ365: =Saisie!AP365 -> 0 | BA365: =Saisie!AQ365 -> 0 | BB365: =Saisie!AR365 -> 0 | BC365: =Saisie!AS365 -> 0 | BD365: =Saisie!AT365 -> 0 | BE365: {=_xlfn.IFS(Saisie!AU365="OUI",1,Saisie!AU365="NON",0)} -> #N/A | BF365: =Saisie!AV365 -> 0 | BG365: =Saisie!AW365 -> 0 | BH365: {=_xlfn.IFS(Saisie!AX365="OUI",1,Saisie!AX365="NON",0)} -> #N/A | BI365: =Saisie!AY365 -> 0 | BJ365: {=_xlfn.IFS(Saisie!AZ365="OUI",1,Saisie!AZ365="NON",0)} -> #N/A | BK365: {=_xlfn.IFS(Saisie!BA365="OUI",1,Saisie!BA365="NON",0)} -> #N/A | BL365: =Saisie!BB365 -> 0 | BM365: =Saisie!BC365 -> #REF!
A366: 361 | B366: =Saisie!B366 -> 0 | C366: =Saisie!C366 -> 0 | D366: =Saisie!D366 -> 0 | E366: =Saisie!E366 -> 0 | F366: =Saisie!F366 -> 0 | G366: =Saisie!G366 -> 0 | H366: =Saisie!I366 -> 0 | I366: =Saisie!J366 -> 0 | J366: =Saisie!K366 -> 0 | K366: =Saisie!L366 -> 0 | L366: =Saisie!#REF! -> #REF! | M366: {=_xlfn.IFS(Saisie!M366="OUI",1,Saisie!M366="NON",0)} -> #N/A | N366: =Saisie!#REF! -> #REF! | O366: =Saisie!#REF! -> #REF! | P366: =Saisie!N366 -> 0 | Q366: {=_xlfn.IFS(Saisie!#REF!="OUI",1,Saisie!#REF!="NON",0)} -> #REF! | R366: =Saisie!#REF! -> #REF! | S366: =Saisie!#REF! -> #REF! | T366: =Saisie!#REF! -> #REF! | U366: =Saisie!#REF! -> #REF! | V366: {=_xlfn.IFS(Saisie!#REF!="OUI",1,Saisie!#REF!="NON",0)} -> #REF! | W366: {=_xlfn.IFS(Saisie!O366="OUI",1,Saisie!O366="NON",0)} -> #N/A | X366: =Saisie!P366 -> 0 | Y366: =Saisie!H366 -> 0 | Z366: =Saisie!#REF! -> #REF! | AA366: =Saisie!Q366 -> 0 | AB366: {=_xlfn.IFS(Saisie!R366="OUI",1,Saisie!R366="NON",0)} -> #N/A | AC366: =Saisie!S366 -> 0 | AD366: {=_xlfn.IFS(Saisie!T366="OUI",1,Saisie!T366="NON",0)} -> #N/A | AE366: =Saisie!U366 -> 0 | AF366: NEANT | AG366: =Saisie!W366 -> 0 | AH366: =Saisie!X366 -> 0 | AI366: =Saisie!Y366 -> 0 | AJ366: =Saisie!Z366 -> 0 | AK366: =Saisie!AA366 -> 0 | AL366: =Saisie!AB366 -> 0 | AM366: =Saisie!AC366 -> 0 | AN366: =Saisie!AD366 -> 0 | ... AP366: =Saisie!AF366 -> 0 | AQ366: {=_xlfn.IFS(Saisie!AG366="OUI",1,Saisie!AG366="NON",0)} -> #N/A | AR366: {=_xlfn.IFS(Saisie!AH366="OUI",1,Saisie!AH366="NON",0)} -> #N/A | AS366: =Saisie!AI366 -> 0 | AT366: {=_xlfn.IFS(Saisie!AJ366="OUI",1,Saisie!AJ366="NON",0)} -> #N/A | AU366: =Saisie!AK366 -> 0 | AV366: {=_xlfn.IFS(Saisie!AL366="OUI",1,Saisie!AL366="NON",0)} -> #N/A | AW366: =Saisie!AM366 -> 0 | AX366: =Saisie!AN366 -> 0 | AY366: =Saisie!AO366 -> 0 | AZ366: =Saisie!AP366 -> 0 | BA366: =Saisie!AQ366 -> 0 | BB366: =Saisie!AR366 -> 0 | BC366: =Saisie!AS366 -> 0 | BD366: =Saisie!AT366 -> 0 | BE366: {=_xlfn.IFS(Saisie!AU366="OUI",1,Saisie!AU366="NON",0)} -> #N/A | BF366: =Saisie!AV366 -> 0 | BG366: =Saisie!AW366 -> 0 | BH366: {=_xlfn.IFS(Saisie!AX366="OUI",1,Saisie!AX366="NON",0)} -> #N/A | BI366: =Saisie!AY366 -> 0 | BJ366: {=_xlfn.IFS(Saisie!AZ366="OUI",1,Saisie!AZ366="NON",0)} -> #N/A | BK366: {=_xlfn.IFS(Saisie!BA366="OUI",1,Saisie!BA366="NON",0)} -> #N/A | BL366: =Saisie!BB366 -> 0 | BM366: =Saisie!BC366 -> #REF!
A367: 362 | B367: =Saisie!B367 -> 0 | C367: =Saisie!C367 -> 0 | D367: =Saisie!D367 -> 0 | E367: =Saisie!E367 -> 0 | F367: =Saisie!F367 -> 0 | G367: =Saisie!G367 -> 0 | H367: =Saisie!I367 -> 0 | I367: =Saisie!J367 -> 0 | J367: =Saisie!K367 -> 0 | K367: =Saisie!L367 -> 0 | L367: =Saisie!#REF! -> #REF! | M367: {=_xlfn.IFS(Saisie!M367="OUI",1,Saisie!M367="NON",0)} -> #N/A | N367: =Saisie!#REF! -> #REF! | O367: =Saisie!#REF! -> #REF! | P367: =Saisie!N367 -> 0 | Q367: {=_xlfn.IFS(Saisie!#REF!="OUI",1,Saisie!#REF!="NON",0)} -> #REF! | R367: =Saisie!#REF! -> #REF! | S367: =Saisie!#REF! -> #REF! | T367: =Saisie!#REF! -> #REF! | U367: =Saisie!#REF! -> #REF! | V367: {=_xlfn.IFS(Saisie!#REF!="OUI",1,Saisie!#REF!="NON",0)} -> #REF! | W367: {=_xlfn.IFS(Saisie!O367="OUI",1,Saisie!O367="NON",0)} -> #N/A | X367: =Saisie!P367 -> 0 | Y367: =Saisie!H367 -> 0 | Z367: =Saisie!#REF! -> #REF! | AA367: =Saisie!Q367 -> 0 | AB367: {=_xlfn.IFS(Saisie!R367="OUI",1,Saisie!R367="NON",0)} -> #N/A | AC367: =Saisie!S367 -> 0 | AD367: {=_xlfn.IFS(Saisie!T367="OUI",1,Saisie!T367="NON",0)} -> #N/A | AE367: =Saisie!U367 -> 0 | AF367: NEANT | AG367: =Saisie!W367 -> 0 | AH367: =Saisie!X367 -> 0 | AI367: =Saisie!Y367 -> 0 | AJ367: =Saisie!Z367 -> 0 | AK367: =Saisie!AA367 -> 0 | AL367: =Saisie!AB367 -> 0 | AM367: =Saisie!AC367 -> 0 | AN367: =Saisie!AD367 -> 0 | ... AP367: =Saisie!AF367 -> 0 | AQ367: {=_xlfn.IFS(Saisie!AG367="OUI",1,Saisie!AG367="NON",0)} -> #N/A | AR367: {=_xlfn.IFS(Saisie!AH367="OUI",1,Saisie!AH367="NON",0)} -> #N/A | AS367: =Saisie!AI367 -> 0 | AT367: {=_xlfn.IFS(Saisie!AJ367="OUI",1,Saisie!AJ367="NON",0)} -> #N/A | AU367: =Saisie!AK367 -> 0 | AV367: {=_xlfn.IFS(Saisie!AL367="OUI",1,Saisie!AL367="NON",0)} -> #N/A | AW367: =Saisie!AM367 -> 0 | AX367: =Saisie!AN367 -> 0 | AY367: =Saisie!AO367 -> 0 | AZ367: =Saisie!AP367 -> 0 | BA367: =Saisie!AQ367 -> 0 | BB367: =Saisie!AR367 -> 0 | BC367: =Saisie!AS367 -> 0 | BD367: =Saisie!AT367 -> 0 | BE367: {=_xlfn.IFS(Saisie!AU367="OUI",1,Saisie!AU367="NON",0)} -> #N/A | BF367: =Saisie!AV367 -> 0 | BG367: =Saisie!AW367 -> 0 | BH367: {=_xlfn.IFS(Saisie!AX367="OUI",1,Saisie!AX367="NON",0)} -> #N/A | BI367: =Saisie!AY367 -> 0 | BJ367: {=_xlfn.IFS(Saisie!AZ367="OUI",1,Saisie!AZ367="NON",0)} -> #N/A | BK367: {=_xlfn.IFS(Saisie!BA367="OUI",1,Saisie!BA367="NON",0)} -> #N/A | BL367: =Saisie!BB367 -> 0 | BM367: =Saisie!BC367 -> #REF!
A368: 363 | B368: =Saisie!B368 -> 0 | C368: =Saisie!C368 -> 0 | D368: =Saisie!D368 -> 0 | E368: =Saisie!E368 -> 0 | F368: =Saisie!F368 -> 0 | G368: =Saisie!G368 -> 0 | H368: =Saisie!I368 -> 0 | I368: =Saisie!J368 -> 0 | J368: =Saisie!K368 -> 0 | K368: =Saisie!L368 -> 0 | L368: =Saisie!#REF! -> #REF! | M368: {=_xlfn.IFS(Saisie!M368="OUI",1,Saisie!M368="NON",0)} -> #N/A | N368: =Saisie!#REF! -> #REF! | O368: =Saisie!#REF! -> #REF! | P368: =Saisie!N368 -> 0 | Q368: {=_xlfn.IFS(Saisie!#REF!="OUI",1,Saisie!#REF!="NON",0)} -> #REF! | R368: =Saisie!#REF! -> #REF! | S368: =Saisie!#REF! -> #REF! | T368: =Saisie!#REF! -> #REF! | U368: =Saisie!#REF! -> #REF! | V368: {=_xlfn.IFS(Saisie!#REF!="OUI",1,Saisie!#REF!="NON",0)} -> #REF! | W368: {=_xlfn.IFS(Saisie!O368="OUI",1,Saisie!O368="NON",0)} -> #N/A | X368: =Saisie!P368 -> 0 | Y368: =Saisie!H368 -> 0 | Z368: =Saisie!#REF! -> #REF! | AA368: =Saisie!Q368 -> 0 | AB368: {=_xlfn.IFS(Saisie!R368="OUI",1,Saisie!R368="NON",0)} -> #N/A | AC368: =Saisie!S368 -> 0 | AD368: {=_xlfn.IFS(Saisie!T368="OUI",1,Saisie!T368="NON",0)} -> #N/A | AE368: =Saisie!U368 -> 0 | AF368: NEANT | AG368: =Saisie!W368 -> 0 | AH368: =Saisie!X368 -> 0 | AI368: =Saisie!Y368 -> 0 | AJ368: =Saisie!Z368 -> 0 | AK368: =Saisie!AA368 -> 0 | AL368: =Saisie!AB368 -> 0 | AM368: =Saisie!AC368 -> 0 | AN368: =Saisie!AD368 -> 0 | ... AP368: =Saisie!AF368 -> 0 | AQ368: {=_xlfn.IFS(Saisie!AG368="OUI",1,Saisie!AG368="NON",0)} -> #N/A | AR368: {=_xlfn.IFS(Saisie!AH368="OUI",1,Saisie!AH368="NON",0)} -> #N/A | AS368: =Saisie!AI368 -> 0 | AT368: {=_xlfn.IFS(Saisie!AJ368="OUI",1,Saisie!AJ368="NON",0)} -> #N/A | AU368: =Saisie!AK368 -> 0 | AV368: {=_xlfn.IFS(Saisie!AL368="OUI",1,Saisie!AL368="NON",0)} -> #N/A | AW368: =Saisie!AM368 -> 0 | AX368: =Saisie!AN368 -> 0 | AY368: =Saisie!AO368 -> 0 | AZ368: =Saisie!AP368 -> 0 | BA368: =Saisie!AQ368 -> 0 | BB368: =Saisie!AR368 -> 0 | BC368: =Saisie!AS368 -> 0 | BD368: =Saisie!AT368 -> 0 | BE368: {=_xlfn.IFS(Saisie!AU368="OUI",1,Saisie!AU368="NON",0)} -> #N/A | BF368: =Saisie!AV368 -> 0 | BG368: =Saisie!AW368 -> 0 | BH368: {=_xlfn.IFS(Saisie!AX368="OUI",1,Saisie!AX368="NON",0)} -> #N/A | BI368: =Saisie!AY368 -> 0 | BJ368: {=_xlfn.IFS(Saisie!AZ368="OUI",1,Saisie!AZ368="NON",0)} -> #N/A | BK368: {=_xlfn.IFS(Saisie!BA368="OUI",1,Saisie!BA368="NON",0)} -> #N/A | BL368: =Saisie!BB368 -> 0 | BM368: =Saisie!BC368 -> #REF!
A369: 364 | B369: =Saisie!B369 -> 0 | C369: =Saisie!C369 -> 0 | D369: =Saisie!D369 -> 0 | E369: =Saisie!E369 -> 0 | F369: =Saisie!F369 -> 0 | G369: =Saisie!G369 -> 0 | H369: =Saisie!I369 -> 0 | I369: =Saisie!J369 -> 0 | J369: =Saisie!K369 -> 0 | K369: =Saisie!L369 -> 0 | L369: =Saisie!#REF! -> #REF! | M369: {=_xlfn.IFS(Saisie!M369="OUI",1,Saisie!M369="NON",0)} -> #N/A | N369: =Saisie!#REF! -> #REF! | O369: =Saisie!#REF! -> #REF! | P369: =Saisie!N369 -> 0 | Q369: {=_xlfn.IFS(Saisie!#REF!="OUI",1,Saisie!#REF!="NON",0)} -> #REF! | R369: =Saisie!#REF! -> #REF! | S369: =Saisie!#REF! -> #REF! | T369: =Saisie!#REF! -> #REF! | U369: =Saisie!#REF! -> #REF! | V369: {=_xlfn.IFS(Saisie!#REF!="OUI",1,Saisie!#REF!="NON",0)} -> #REF! | W369: {=_xlfn.IFS(Saisie!O369="OUI",1,Saisie!O369="NON",0)} -> #N/A | X369: =Saisie!P369 -> 0 | Y369: =Saisie!H369 -> 0 | Z369: =Saisie!#REF! -> #REF! | AA369: =Saisie!Q369 -> 0 | AB369: {=_xlfn.IFS(Saisie!R369="OUI",1,Saisie!R369="NON",0)} -> #N/A | AC369: =Saisie!S369 -> 0 | AD369: {=_xlfn.IFS(Saisie!T369="OUI",1,Saisie!T369="NON",0)} -> #N/A | AE369: =Saisie!U369 -> 0 | AF369: 3 | AG369: =Saisie!W369 -> 0 | AH369: =Saisie!X369 -> 0 | AI369: =Saisie!Y369 -> 0 | AJ369: =Saisie!Z369 -> 0 | AK369: =Saisie!AA369 -> 0 | AL369: =Saisie!AB369 -> 0 | AM369: =Saisie!AC369 -> 0 | AN369: =Saisie!AD369 -> 0 | ... AP369: =Saisie!AF369 -> 0 | AQ369: {=_xlfn.IFS(Saisie!AG369="OUI",1,Saisie!AG369="NON",0)} -> #N/A | AR369: {=_xlfn.IFS(Saisie!AH369="OUI",1,Saisie!AH369="NON",0)} -> #N/A | AS369: =Saisie!AI369 -> 0 | AT369: {=_xlfn.IFS(Saisie!AJ369="OUI",1,Saisie!AJ369="NON",0)} -> #N/A | AU369: =Saisie!AK369 -> 0 | AV369: {=_xlfn.IFS(Saisie!AL369="OUI",1,Saisie!AL369="NON",0)} -> #N/A | AW369: =Saisie!AM369 -> 0 | AX369: =Saisie!AN369 -> 0 | AY369: =Saisie!AO369 -> 0 | AZ369: =Saisie!AP369 -> 0 | BA369: =Saisie!AQ369 -> 0 | BB369: =Saisie!AR369 -> 0 | BC369: =Saisie!AS369 -> 0 | BD369: =Saisie!AT369 -> 0 | BE369: {=_xlfn.IFS(Saisie!AU369="OUI",1,Saisie!AU369="NON",0)} -> #N/A | BF369: =Saisie!AV369 -> 0 | BG369: =Saisie!AW369 -> 0 | BH369: {=_xlfn.IFS(Saisie!AX369="OUI",1,Saisie!AX369="NON",0)} -> #N/A | BI369: =Saisie!AY369 -> 0 | BJ369: {=_xlfn.IFS(Saisie!AZ369="OUI",1,Saisie!AZ369="NON",0)} -> #N/A | BK369: {=_xlfn.IFS(Saisie!BA369="OUI",1,Saisie!BA369="NON",0)} -> #N/A | BL369: =Saisie!BB369 -> 0 | BM369: =Saisie!BC369 -> #REF!
A370: 365 | B370: =Saisie!B370 -> 0 | C370: =Saisie!C370 -> 0 | D370: =Saisie!D370 -> 0 | E370: =Saisie!E370 -> 0 | F370: =Saisie!F370 -> 0 | G370: =Saisie!G370 -> 0 | H370: =Saisie!I370 -> 0 | I370: =Saisie!J370 -> 0 | J370: =Saisie!K370 -> 0 | K370: =Saisie!L370 -> 0 | L370: =Saisie!#REF! -> #REF! | M370: {=_xlfn.IFS(Saisie!M370="OUI",1,Saisie!M370="NON",0)} -> #N/A | N370: =Saisie!#REF! -> #REF! | O370: =Saisie!#REF! -> #REF! | P370: =Saisie!N370 -> 0 | Q370: {=_xlfn.IFS(Saisie!#REF!="OUI",1,Saisie!#REF!="NON",0)} -> #REF! | R370: =Saisie!#REF! -> #REF! | S370: =Saisie!#REF! -> #REF! | T370: =Saisie!#REF! -> #REF! | U370: =Saisie!#REF! -> #REF! | V370: {=_xlfn.IFS(Saisie!#REF!="OUI",1,Saisie!#REF!="NON",0)} -> #REF! | W370: {=_xlfn.IFS(Saisie!O370="OUI",1,Saisie!O370="NON",0)} -> #N/A | X370: =Saisie!P370 -> 0 | Y370: =Saisie!H370 -> 0 | Z370: =Saisie!#REF! -> #REF! | AA370: =Saisie!Q370 -> 0 | AB370: {=_xlfn.IFS(Saisie!R370="OUI",1,Saisie!R370="NON",0)} -> #N/A | AC370: =Saisie!S370 -> 0 | AD370: {=_xlfn.IFS(Saisie!T370="OUI",1,Saisie!T370="NON",0)} -> #N/A | AE370: =Saisie!U370 -> 0 | AF370: 3 | AG370: =Saisie!W370 -> 0 | AH370: =Saisie!X370 -> 0 | AI370: =Saisie!Y370 -> 0 | AJ370: =Saisie!Z370 -> 0 | AK370: =Saisie!AA370 -> 0 | AL370: =Saisie!AB370 -> 0 | AM370: =Saisie!AC370 -> 0 | AN370: =Saisie!AD370 -> 0 | ... AP370: =Saisie!AF370 -> 0 | AQ370: {=_xlfn.IFS(Saisie!AG370="OUI",1,Saisie!AG370="NON",0)} -> #N/A | AR370: {=_xlfn.IFS(Saisie!AH370="OUI",1,Saisie!AH370="NON",0)} -> #N/A | AS370: =Saisie!AI370 -> 0 | AT370: {=_xlfn.IFS(Saisie!AJ370="OUI",1,Saisie!AJ370="NON",0)} -> #N/A | AU370: =Saisie!AK370 -> 0 | AV370: {=_xlfn.IFS(Saisie!AL370="OUI",1,Saisie!AL370="NON",0)} -> #N/A | AW370: =Saisie!AM370 -> 0 | AX370: =Saisie!AN370 -> 0 | AY370: =Saisie!AO370 -> 0 | AZ370: =Saisie!AP370 -> 0 | BA370: =Saisie!AQ370 -> 0 | BB370: =Saisie!AR370 -> 0 | BC370: =Saisie!AS370 -> 0 | BD370: =Saisie!AT370 -> 0 | BE370: {=_xlfn.IFS(Saisie!AU370="OUI",1,Saisie!AU370="NON",0)} -> #N/A | BF370: =Saisie!AV370 -> 0 | BG370: =Saisie!AW370 -> 0 | BH370: {=_xlfn.IFS(Saisie!AX370="OUI",1,Saisie!AX370="NON",0)} -> #N/A | BI370: =Saisie!AY370 -> 0 | BJ370: {=_xlfn.IFS(Saisie!AZ370="OUI",1,Saisie!AZ370="NON",0)} -> #N/A | BK370: {=_xlfn.IFS(Saisie!BA370="OUI",1,Saisie!BA370="NON",0)} -> #N/A | BL370: =Saisie!BB370 -> 0 | BM370: =Saisie!BC370 -> #REF!
